model,layer,projection,method,experts,out_features,in_features,features_used,features_total,exact,seconds,rank_at_5pct,rank_at_1pct,rank_at_0_1pct,output_rank_at_5pct,output_rank_at_1pct,output_rank_at_0_1pct
OLMoE-1B-7B-0924,0,down_proj,global,64,2048,1024,2097152,2097152,True,0.882,64,64,64,64,64,64
OLMoE-1B-7B-0924,0,down_proj,shared_plus_delta,64,2048,1024,2097152,2097152,True,0.882,64,64,64,64,64,64
OLMoE-1B-7B-0924,0,down_proj,grouped_g2,64,2048,1024,2097152,2097152,True,0.882,64,64,64,64,64,64
OLMoE-1B-7B-0924,0,down_proj,grouped_g4,64,2048,1024,2097152,2097152,True,0.882,64,64,64,64,64,64
OLMoE-1B-7B-0924,0,down_proj,grouped_g8,64,2048,1024,2097152,2097152,True,0.882,64,64,64,64,64,64
OLMoE-1B-7B-0924,0,gate_proj,global,64,1024,2048,2097152,2097152,True,0.638,64,64,64,64,64,64
OLMoE-1B-7B-0924,0,gate_proj,shared_plus_delta,64,1024,2048,2097152,2097152,True,0.638,64,64,64,64,64,64
OLMoE-1B-7B-0924,0,gate_proj,grouped_g2,64,1024,2048,2097152,2097152,True,0.638,64,64,64,64,64,64
OLMoE-1B-7B-0924,0,gate_proj,grouped_g4,64,1024,2048,2097152,2097152,True,0.638,64,64,64,64,64,64
OLMoE-1B-7B-0924,0,gate_proj,grouped_g8,64,1024,2048,2097152,2097152,True,0.638,64,64,64,64,64,64
OLMoE-1B-7B-0924,0,up_proj,global,64,1024,2048,2097152,2097152,True,0.597,64,64,64,64,64,64
OLMoE-1B-7B-0924,0,up_proj,shared_plus_delta,64,1024,2048,2097152,2097152,True,0.597,64,64,64,64,64,64
OLMoE-1B-7B-0924,0,up_proj,grouped_g2,64,1024,2048,2097152,2097152,True,0.597,64,64,64,64,64,64
OLMoE-1B-7B-0924,0,up_proj,grouped_g4,64,1024,2048,2097152,2097152,True,0.597,64,64,64,64,64,64
OLMoE-1B-7B-0924,0,up_proj,grouped_g8,64,1024,2048,2097152,2097152,True,0.597,64,64,64,64,64,64
OLMoE-1B-7B-0924,1,down_proj,global,64,2048,1024,2097152,2097152,True,0.591,64,64,64,64,64,64
OLMoE-1B-7B-0924,1,down_proj,shared_plus_delta,64,2048,1024,2097152,2097152,True,0.591,64,64,64,64,64,64
OLMoE-1B-7B-0924,1,down_proj,grouped_g2,64,2048,1024,2097152,2097152,True,0.591,64,64,64,64,64,64
OLMoE-1B-7B-0924,1,down_proj,grouped_g4,64,2048,1024,2097152,2097152,True,0.591,64,64,64,64,64,64
OLMoE-1B-7B-0924,1,down_proj,grouped_g8,64,2048,1024,2097152,2097152,True,0.591,64,64,64,64,64,64
OLMoE-1B-7B-0924,1,gate_proj,global,64,1024,2048,2097152,2097152,True,0.594,64,64,64,64,64,64
OLMoE-1B-7B-0924,1,gate_proj,shared_plus_delta,64,1024,2048,2097152,2097152,True,0.594,64,64,64,64,64,64
OLMoE-1B-7B-0924,1,gate_proj,grouped_g2,64,1024,2048,2097152,2097152,True,0.594,64,64,64,64,64,64
OLMoE-1B-7B-0924,1,gate_proj,grouped_g4,64,1024,2048,2097152,2097152,True,0.594,64,64,64,64,64,64
OLMoE-1B-7B-0924,1,gate_proj,grouped_g8,64,1024,2048,2097152,2097152,True,0.594,64,64,64,64,64,64
OLMoE-1B-7B-0924,1,up_proj,global,64,1024,2048,2097152,2097152,True,0.592,64,64,64,64,64,64
OLMoE-1B-7B-0924,1,up_proj,shared_plus_delta,64,1024,2048,2097152,2097152,True,0.592,64,64,64,64,64,64
OLMoE-1B-7B-0924,1,up_proj,grouped_g2,64,1024,2048,2097152,2097152,True,0.592,64,64,64,64,64,64
OLMoE-1B-7B-0924,1,up_proj,grouped_g4,64,1024,2048,2097152,2097152,True,0.592,64,64,64,64,64,64
OLMoE-1B-7B-0924,1,up_proj,grouped_g8,64,1024,2048,2097152,2097152,True,0.592,64,64,64,64,64,64
OLMoE-1B-7B-0924,2,down_proj,global,64,2048,1024,2097152,2097152,True,0.598,64,64,64,64,64,64
OLMoE-1B-7B-0924,2,down_proj,shared_plus_delta,64,2048,1024,2097152,2097152,True,0.598,64,64,64,64,64,64
OLMoE-1B-7B-0924,2,down_proj,grouped_g2,64,2048,1024,2097152,2097152,True,0.598,64,64,64,64,64,64
OLMoE-1B-7B-0924,2,down_proj,grouped_g4,64,2048,1024,2097152,2097152,True,0.598,64,64,64,64,64,64
OLMoE-1B-7B-0924,2,down_proj,grouped_g8,64,2048,1024,2097152,2097152,True,0.598,64,64,64,64,64,64
OLMoE-1B-7B-0924,2,gate_proj,global,64,1024,2048,2097152,2097152,True,0.596,64,64,64,64,64,64
OLMoE-1B-7B-0924,2,gate_proj,shared_plus_delta,64,1024,2048,2097152,2097152,True,0.596,64,64,64,64,64,64
OLMoE-1B-7B-0924,2,gate_proj,grouped_g2,64,1024,2048,2097152,2097152,True,0.596,64,64,64,64,64,64
OLMoE-1B-7B-0924,2,gate_proj,grouped_g4,64,1024,2048,2097152,2097152,True,0.596,64,64,64,64,64,64
OLMoE-1B-7B-0924,2,gate_proj,grouped_g8,64,1024,2048,2097152,2097152,True,0.596,64,64,64,64,64,64
OLMoE-1B-7B-0924,2,up_proj,global,64,1024,2048,2097152,2097152,True,0.597,64,64,64,64,64,64
OLMoE-1B-7B-0924,2,up_proj,shared_plus_delta,64,1024,2048,2097152,2097152,True,0.597,64,64,64,64,64,64
OLMoE-1B-7B-0924,2,up_proj,grouped_g2,64,1024,2048,2097152,2097152,True,0.597,64,64,64,64,64,64
OLMoE-1B-7B-0924,2,up_proj,grouped_g4,64,1024,2048,2097152,2097152,True,0.597,64,64,64,64,64,64
OLMoE-1B-7B-0924,2,up_proj,grouped_g8,64,1024,2048,2097152,2097152,True,0.597,64,64,64,64,64,64
OLMoE-1B-7B-0924,3,down_proj,global,64,2048,1024,2097152,2097152,True,0.608,64,64,64,64,64,64
OLMoE-1B-7B-0924,3,down_proj,shared_plus_delta,64,2048,1024,2097152,2097152,True,0.608,64,64,64,64,64,64
OLMoE-1B-7B-0924,3,down_proj,grouped_g2,64,2048,1024,2097152,2097152,True,0.608,64,64,64,64,64,64
OLMoE-1B-7B-0924,3,down_proj,grouped_g4,64,2048,1024,2097152,2097152,True,0.608,64,64,64,64,64,64
OLMoE-1B-7B-0924,3,down_proj,grouped_g8,64,2048,1024,2097152,2097152,True,0.608,64,64,64,64,64,64
OLMoE-1B-7B-0924,3,gate_proj,global,64,1024,2048,2097152,2097152,True,0.604,64,64,64,64,64,64
OLMoE-1B-7B-0924,3,gate_proj,shared_plus_delta,64,1024,2048,2097152,2097152,True,0.604,64,64,64,64,64,64
OLMoE-1B-7B-0924,3,gate_proj,grouped_g2,64,1024,2048,2097152,2097152,True,0.604,64,64,64,64,64,64
OLMoE-1B-7B-0924,3,gate_proj,grouped_g4,64,1024,2048,2097152,2097152,True,0.604,64,64,64,64,64,64
OLMoE-1B-7B-0924,3,gate_proj,grouped_g8,64,1024,2048,2097152,2097152,True,0.604,64,64,64,64,64,64
OLMoE-1B-7B-0924,3,up_proj,global,64,1024,2048,2097152,2097152,True,0.613,64,64,64,64,64,64
OLMoE-1B-7B-0924,3,up_proj,shared_plus_delta,64,1024,2048,2097152,2097152,True,0.613,64,64,64,64,64,64
OLMoE-1B-7B-0924,3,up_proj,grouped_g2,64,1024,2048,2097152,2097152,True,0.613,64,64,64,64,64,64
OLMoE-1B-7B-0924,3,up_proj,grouped_g4,64,1024,2048,2097152,2097152,True,0.613,64,64,64,64,64,64
OLMoE-1B-7B-0924,3,up_proj,grouped_g8,64,1024,2048,2097152,2097152,True,0.613,64,64,64,64,64,64
OLMoE-1B-7B-0924,4,down_proj,global,64,2048,1024,2097152,2097152,True,0.607,64,64,64,64,64,64
OLMoE-1B-7B-0924,4,down_proj,shared_plus_delta,64,2048,1024,2097152,2097152,True,0.607,64,64,64,64,64,64
OLMoE-1B-7B-0924,4,down_proj,grouped_g2,64,2048,1024,2097152,2097152,True,0.607,64,64,64,64,64,64
OLMoE-1B-7B-0924,4,down_proj,grouped_g4,64,2048,1024,2097152,2097152,True,0.607,64,64,64,64,64,64
OLMoE-1B-7B-0924,4,down_proj,grouped_g8,64,2048,1024,2097152,2097152,True,0.607,64,64,64,64,64,64
OLMoE-1B-7B-0924,4,gate_proj,global,64,1024,2048,2097152,2097152,True,0.607,64,64,64,64,64,64
OLMoE-1B-7B-0924,4,gate_proj,shared_plus_delta,64,1024,2048,2097152,2097152,True,0.607,64,64,64,64,64,64
OLMoE-1B-7B-0924,4,gate_proj,grouped_g2,64,1024,2048,2097152,2097152,True,0.607,64,64,64,64,64,64
OLMoE-1B-7B-0924,4,gate_proj,grouped_g4,64,1024,2048,2097152,2097152,True,0.607,64,64,64,64,64,64
OLMoE-1B-7B-0924,4,gate_proj,grouped_g8,64,1024,2048,2097152,2097152,True,0.607,64,64,64,64,64,64
OLMoE-1B-7B-0924,4,up_proj,global,64,1024,2048,2097152,2097152,True,0.614,64,64,64,64,64,64
OLMoE-1B-7B-0924,4,up_proj,shared_plus_delta,64,1024,2048,2097152,2097152,True,0.614,64,64,64,64,64,64
OLMoE-1B-7B-0924,4,up_proj,grouped_g2,64,1024,2048,2097152,2097152,True,0.614,64,64,64,64,64,64
OLMoE-1B-7B-0924,4,up_proj,grouped_g4,64,1024,2048,2097152,2097152,True,0.614,64,64,64,64,64,64
OLMoE-1B-7B-0924,4,up_proj,grouped_g8,64,1024,2048,2097152,2097152,True,0.614,64,64,64,64,64,64
OLMoE-1B-7B-0924,5,down_proj,global,64,2048,1024,2097152,2097152,True,0.608,64,64,64,64,64,64
OLMoE-1B-7B-0924,5,down_proj,shared_plus_delta,64,2048,1024,2097152,2097152,True,0.608,64,64,64,64,64,64
OLMoE-1B-7B-0924,5,down_proj,grouped_g2,64,2048,1024,2097152,2097152,True,0.608,64,64,64,64,64,64
OLMoE-1B-7B-0924,5,down_proj,grouped_g4,64,2048,1024,2097152,2097152,True,0.608,64,64,64,64,64,64
OLMoE-1B-7B-0924,5,down_proj,grouped_g8,64,2048,1024,2097152,2097152,True,0.608,64,64,64,64,64,64
OLMoE-1B-7B-0924,5,gate_proj,global,64,1024,2048,2097152,2097152,True,0.623,64,64,64,64,64,64
OLMoE-1B-7B-0924,5,gate_proj,shared_plus_delta,64,1024,2048,2097152,2097152,True,0.623,64,64,64,64,64,64
OLMoE-1B-7B-0924,5,gate_proj,grouped_g2,64,1024,2048,2097152,2097152,True,0.623,64,64,64,64,64,64
OLMoE-1B-7B-0924,5,gate_proj,grouped_g4,64,1024,2048,2097152,2097152,True,0.623,64,64,64,64,64,64
OLMoE-1B-7B-0924,5,gate_proj,grouped_g8,64,1024,2048,2097152,2097152,True,0.623,64,64,64,64,64,64
OLMoE-1B-7B-0924,5,up_proj,global,64,1024,2048,2097152,2097152,True,0.603,64,64,64,64,64,64
OLMoE-1B-7B-0924,5,up_proj,shared_plus_delta,64,1024,2048,2097152,2097152,True,0.603,64,64,64,64,64,64
OLMoE-1B-7B-0924,5,up_proj,grouped_g2,64,1024,2048,2097152,2097152,True,0.603,64,64,64,64,64,64
OLMoE-1B-7B-0924,5,up_proj,grouped_g4,64,1024,2048,2097152,2097152,True,0.603,64,64,64,64,64,64
OLMoE-1B-7B-0924,5,up_proj,grouped_g8,64,1024,2048,2097152,2097152,True,0.603,64,64,64,64,64,64
OLMoE-1B-7B-0924,6,down_proj,global,64,2048,1024,2097152,2097152,True,0.600,64,64,64,64,64,64
OLMoE-1B-7B-0924,6,down_proj,shared_plus_delta,64,2048,1024,2097152,2097152,True,0.600,64,64,64,64,64,64
OLMoE-1B-7B-0924,6,down_proj,grouped_g2,64,2048,1024,2097152,2097152,True,0.600,64,64,64,64,64,64
OLMoE-1B-7B-0924,6,down_proj,grouped_g4,64,2048,1024,2097152,2097152,True,0.600,64,64,64,64,64,64
OLMoE-1B-7B-0924,6,down_proj,grouped_g8,64,2048,1024,2097152,2097152,True,0.600,64,64,64,64,64,64
OLMoE-1B-7B-0924,6,gate_proj,global,64,1024,2048,2097152,2097152,True,0.601,64,64,64,64,64,64
OLMoE-1B-7B-0924,6,gate_proj,shared_plus_delta,64,1024,2048,2097152,2097152,True,0.601,64,64,64,64,64,64
OLMoE-1B-7B-0924,6,gate_proj,grouped_g2,64,1024,2048,2097152,2097152,True,0.601,64,64,64,64,64,64
OLMoE-1B-7B-0924,6,gate_proj,grouped_g4,64,1024,2048,2097152,2097152,True,0.601,64,64,64,64,64,64
OLMoE-1B-7B-0924,6,gate_proj,grouped_g8,64,1024,2048,2097152,2097152,True,0.601,64,64,64,64,64,64
OLMoE-1B-7B-0924,6,up_proj,global,64,1024,2048,2097152,2097152,True,0.604,64,64,64,64,64,64
OLMoE-1B-7B-0924,6,up_proj,shared_plus_delta,64,1024,2048,2097152,2097152,True,0.604,64,64,64,64,64,64
OLMoE-1B-7B-0924,6,up_proj,grouped_g2,64,1024,2048,2097152,2097152,True,0.604,64,64,64,64,64,64
OLMoE-1B-7B-0924,6,up_proj,grouped_g4,64,1024,2048,2097152,2097152,True,0.604,64,64,64,64,64,64
OLMoE-1B-7B-0924,6,up_proj,grouped_g8,64,1024,2048,2097152,2097152,True,0.604,64,64,64,64,64,64
OLMoE-1B-7B-0924,7,down_proj,global,64,2048,1024,2097152,2097152,True,0.597,64,64,64,64,64,64
OLMoE-1B-7B-0924,7,down_proj,shared_plus_delta,64,2048,1024,2097152,2097152,True,0.597,64,64,64,64,64,64
OLMoE-1B-7B-0924,7,down_proj,grouped_g2,64,2048,1024,2097152,2097152,True,0.597,64,64,64,64,64,64
OLMoE-1B-7B-0924,7,down_proj,grouped_g4,64,2048,1024,2097152,2097152,True,0.597,64,64,64,64,64,64
OLMoE-1B-7B-0924,7,down_proj,grouped_g8,64,2048,1024,2097152,2097152,True,0.597,64,64,64,64,64,64
OLMoE-1B-7B-0924,7,gate_proj,global,64,1024,2048,2097152,2097152,True,0.601,64,64,64,64,64,64
OLMoE-1B-7B-0924,7,gate_proj,shared_plus_delta,64,1024,2048,2097152,2097152,True,0.601,64,64,64,64,64,64
OLMoE-1B-7B-0924,7,gate_proj,grouped_g2,64,1024,2048,2097152,2097152,True,0.601,64,64,64,64,64,64
OLMoE-1B-7B-0924,7,gate_proj,grouped_g4,64,1024,2048,2097152,2097152,True,0.601,64,64,64,64,64,64
OLMoE-1B-7B-0924,7,gate_proj,grouped_g8,64,1024,2048,2097152,2097152,True,0.601,64,64,64,64,64,64
OLMoE-1B-7B-0924,7,up_proj,global,64,1024,2048,2097152,2097152,True,0.603,64,64,64,64,64,64
OLMoE-1B-7B-0924,7,up_proj,shared_plus_delta,64,1024,2048,2097152,2097152,True,0.603,64,64,64,64,64,64
OLMoE-1B-7B-0924,7,up_proj,grouped_g2,64,1024,2048,2097152,2097152,True,0.603,64,64,64,64,64,64
OLMoE-1B-7B-0924,7,up_proj,grouped_g4,64,1024,2048,2097152,2097152,True,0.603,64,64,64,64,64,64
OLMoE-1B-7B-0924,7,up_proj,grouped_g8,64,1024,2048,2097152,2097152,True,0.603,64,64,64,64,64,64
OLMoE-1B-7B-0924,8,down_proj,global,64,2048,1024,2097152,2097152,True,0.596,64,64,64,64,64,64
OLMoE-1B-7B-0924,8,down_proj,shared_plus_delta,64,2048,1024,2097152,2097152,True,0.596,64,64,64,64,64,64
OLMoE-1B-7B-0924,8,down_proj,grouped_g2,64,2048,1024,2097152,2097152,True,0.596,64,64,64,64,64,64
OLMoE-1B-7B-0924,8,down_proj,grouped_g4,64,2048,1024,2097152,2097152,True,0.596,64,64,64,64,64,64
OLMoE-1B-7B-0924,8,down_proj,grouped_g8,64,2048,1024,2097152,2097152,True,0.596,64,64,64,64,64,64
OLMoE-1B-7B-0924,8,gate_proj,global,64,1024,2048,2097152,2097152,True,0.603,64,64,64,64,64,64
OLMoE-1B-7B-0924,8,gate_proj,shared_plus_delta,64,1024,2048,2097152,2097152,True,0.603,64,64,64,64,64,64
OLMoE-1B-7B-0924,8,gate_proj,grouped_g2,64,1024,2048,2097152,2097152,True,0.603,64,64,64,64,64,64
OLMoE-1B-7B-0924,8,gate_proj,grouped_g4,64,1024,2048,2097152,2097152,True,0.603,64,64,64,64,64,64
OLMoE-1B-7B-0924,8,gate_proj,grouped_g8,64,1024,2048,2097152,2097152,True,0.603,64,64,64,64,64,64
OLMoE-1B-7B-0924,8,up_proj,global,64,1024,2048,2097152,2097152,True,0.600,64,64,64,64,64,64
OLMoE-1B-7B-0924,8,up_proj,shared_plus_delta,64,1024,2048,2097152,2097152,True,0.600,64,64,64,64,64,64
OLMoE-1B-7B-0924,8,up_proj,grouped_g2,64,1024,2048,2097152,2097152,True,0.600,64,64,64,64,64,64
OLMoE-1B-7B-0924,8,up_proj,grouped_g4,64,1024,2048,2097152,2097152,True,0.600,64,64,64,64,64,64
OLMoE-1B-7B-0924,8,up_proj,grouped_g8,64,1024,2048,2097152,2097152,True,0.600,64,64,64,64,64,64
OLMoE-1B-7B-0924,9,down_proj,global,64,2048,1024,2097152,2097152,True,0.603,64,64,64,64,64,64
OLMoE-1B-7B-0924,9,down_proj,shared_plus_delta,64,2048,1024,2097152,2097152,True,0.603,64,64,64,64,64,64
OLMoE-1B-7B-0924,9,down_proj,grouped_g2,64,2048,1024,2097152,2097152,True,0.603,64,64,64,64,64,64
OLMoE-1B-7B-0924,9,down_proj,grouped_g4,64,2048,1024,2097152,2097152,True,0.603,64,64,64,64,64,64
OLMoE-1B-7B-0924,9,down_proj,grouped_g8,64,2048,1024,2097152,2097152,True,0.603,64,64,64,64,64,64
OLMoE-1B-7B-0924,9,gate_proj,global,64,1024,2048,2097152,2097152,True,0.606,64,64,64,64,64,64
OLMoE-1B-7B-0924,9,gate_proj,shared_plus_delta,64,1024,2048,2097152,2097152,True,0.606,64,64,64,64,64,64
OLMoE-1B-7B-0924,9,gate_proj,grouped_g2,64,1024,2048,2097152,2097152,True,0.606,64,64,64,64,64,64
OLMoE-1B-7B-0924,9,gate_proj,grouped_g4,64,1024,2048,2097152,2097152,True,0.606,64,64,64,64,64,64
OLMoE-1B-7B-0924,9,gate_proj,grouped_g8,64,1024,2048,2097152,2097152,True,0.606,64,64,64,64,64,64
OLMoE-1B-7B-0924,9,up_proj,global,64,1024,2048,2097152,2097152,True,0.602,64,64,64,64,64,64
OLMoE-1B-7B-0924,9,up_proj,shared_plus_delta,64,1024,2048,2097152,2097152,True,0.602,64,64,64,64,64,64
OLMoE-1B-7B-0924,9,up_proj,grouped_g2,64,1024,2048,2097152,2097152,True,0.602,64,64,64,64,64,64
OLMoE-1B-7B-0924,9,up_proj,grouped_g4,64,1024,2048,2097152,2097152,True,0.602,64,64,64,64,64,64
OLMoE-1B-7B-0924,9,up_proj,grouped_g8,64,1024,2048,2097152,2097152,True,0.602,64,64,64,64,64,64
OLMoE-1B-7B-0924,10,down_proj,global,64,2048,1024,2097152,2097152,True,0.607,64,64,64,64,64,64
OLMoE-1B-7B-0924,10,down_proj,shared_plus_delta,64,2048,1024,2097152,2097152,True,0.607,64,64,64,64,64,64
OLMoE-1B-7B-0924,10,down_proj,grouped_g2,64,2048,1024,2097152,2097152,True,0.607,64,64,64,64,64,64
OLMoE-1B-7B-0924,10,down_proj,grouped_g4,64,2048,1024,2097152,2097152,True,0.607,64,64,64,64,64,64
OLMoE-1B-7B-0924,10,down_proj,grouped_g8,64,2048,1024,2097152,2097152,True,0.607,64,64,64,64,64,64
OLMoE-1B-7B-0924,10,gate_proj,global,64,1024,2048,2097152,2097152,True,0.614,64,64,64,64,64,64
OLMoE-1B-7B-0924,10,gate_proj,shared_plus_delta,64,1024,2048,2097152,2097152,True,0.614,64,64,64,64,64,64
OLMoE-1B-7B-0924,10,gate_proj,grouped_g2,64,1024,2048,2097152,2097152,True,0.614,64,64,64,64,64,64
OLMoE-1B-7B-0924,10,gate_proj,grouped_g4,64,1024,2048,2097152,2097152,True,0.614,64,64,64,64,64,64
OLMoE-1B-7B-0924,10,gate_proj,grouped_g8,64,1024,2048,2097152,2097152,True,0.614,64,64,64,64,64,64
OLMoE-1B-7B-0924,10,up_proj,global,64,1024,2048,2097152,2097152,True,0.603,64,64,64,64,64,64
OLMoE-1B-7B-0924,10,up_proj,shared_plus_delta,64,1024,2048,2097152,2097152,True,0.603,64,64,64,64,64,64
OLMoE-1B-7B-0924,10,up_proj,grouped_g2,64,1024,2048,2097152,2097152,True,0.603,64,64,64,64,64,64
OLMoE-1B-7B-0924,10,up_proj,grouped_g4,64,1024,2048,2097152,2097152,True,0.603,64,64,64,64,64,64
OLMoE-1B-7B-0924,10,up_proj,grouped_g8,64,1024,2048,2097152,2097152,True,0.603,64,64,64,64,64,64
OLMoE-1B-7B-0924,11,down_proj,global,64,2048,1024,2097152,2097152,True,0.607,64,64,64,64,64,64
OLMoE-1B-7B-0924,11,down_proj,shared_plus_delta,64,2048,1024,2097152,2097152,True,0.607,64,64,64,64,64,64
OLMoE-1B-7B-0924,11,down_proj,grouped_g2,64,2048,1024,2097152,2097152,True,0.607,64,64,64,64,64,64
OLMoE-1B-7B-0924,11,down_proj,grouped_g4,64,2048,1024,2097152,2097152,True,0.607,64,64,64,64,64,64
OLMoE-1B-7B-0924,11,down_proj,grouped_g8,64,2048,1024,2097152,2097152,True,0.607,64,64,64,64,64,64
OLMoE-1B-7B-0924,11,gate_proj,global,64,1024,2048,2097152,2097152,True,0.608,64,64,64,64,64,64
OLMoE-1B-7B-0924,11,gate_proj,shared_plus_delta,64,1024,2048,2097152,2097152,True,0.608,64,64,64,64,64,64
OLMoE-1B-7B-0924,11,gate_proj,grouped_g2,64,1024,2048,2097152,2097152,True,0.608,64,64,64,64,64,64
OLMoE-1B-7B-0924,11,gate_proj,grouped_g4,64,1024,2048,2097152,2097152,True,0.608,64,64,64,64,64,64
OLMoE-1B-7B-0924,11,gate_proj,grouped_g8,64,1024,2048,2097152,2097152,True,0.608,64,64,64,64,64,64
OLMoE-1B-7B-0924,11,up_proj,global,64,1024,2048,2097152,2097152,True,0.607,64,64,64,64,64,64
OLMoE-1B-7B-0924,11,up_proj,shared_plus_delta,64,1024,2048,2097152,2097152,True,0.607,64,64,64,64,64,64
OLMoE-1B-7B-0924,11,up_proj,grouped_g2,64,1024,2048,2097152,2097152,True,0.607,64,64,64,64,64,64
OLMoE-1B-7B-0924,11,up_proj,grouped_g4,64,1024,2048,2097152,2097152,True,0.607,64,64,64,64,64,64
OLMoE-1B-7B-0924,11,up_proj,grouped_g8,64,1024,2048,2097152,2097152,True,0.607,64,64,64,64,64,64
OLMoE-1B-7B-0924,12,down_proj,global,64,2048,1024,2097152,2097152,True,0.630,64,64,64,64,64,64
OLMoE-1B-7B-0924,12,down_proj,shared_plus_delta,64,2048,1024,2097152,2097152,True,0.630,64,64,64,64,64,64
OLMoE-1B-7B-0924,12,down_proj,grouped_g2,64,2048,1024,2097152,2097152,True,0.630,64,64,64,64,64,64
OLMoE-1B-7B-0924,12,down_proj,grouped_g4,64,2048,1024,2097152,2097152,True,0.630,64,64,64,64,64,64
OLMoE-1B-7B-0924,12,down_proj,grouped_g8,64,2048,1024,2097152,2097152,True,0.630,64,64,64,64,64,64
OLMoE-1B-7B-0924,12,gate_proj,global,64,1024,2048,2097152,2097152,True,0.605,64,64,64,64,64,64
OLMoE-1B-7B-0924,12,gate_proj,shared_plus_delta,64,1024,2048,2097152,2097152,True,0.605,64,64,64,64,64,64
OLMoE-1B-7B-0924,12,gate_proj,grouped_g2,64,1024,2048,2097152,2097152,True,0.605,64,64,64,64,64,64
OLMoE-1B-7B-0924,12,gate_proj,grouped_g4,64,1024,2048,2097152,2097152,True,0.605,64,64,64,64,64,64
OLMoE-1B-7B-0924,12,gate_proj,grouped_g8,64,1024,2048,2097152,2097152,True,0.605,64,64,64,64,64,64
OLMoE-1B-7B-0924,12,up_proj,global,64,1024,2048,2097152,2097152,True,0.613,64,64,64,64,64,64
OLMoE-1B-7B-0924,12,up_proj,shared_plus_delta,64,1024,2048,2097152,2097152,True,0.613,64,64,64,64,64,64
OLMoE-1B-7B-0924,12,up_proj,grouped_g2,64,1024,2048,2097152,2097152,True,0.613,64,64,64,64,64,64
OLMoE-1B-7B-0924,12,up_proj,grouped_g4,64,1024,2048,2097152,2097152,True,0.613,64,64,64,64,64,64
OLMoE-1B-7B-0924,12,up_proj,grouped_g8,64,1024,2048,2097152,2097152,True,0.613,64,64,64,64,64,64
OLMoE-1B-7B-0924,13,down_proj,global,64,2048,1024,2097152,2097152,True,0.608,64,64,64,64,64,64
OLMoE-1B-7B-0924,13,down_proj,shared_plus_delta,64,2048,1024,2097152,2097152,True,0.608,64,64,64,64,64,64
OLMoE-1B-7B-0924,13,down_proj,grouped_g2,64,2048,1024,2097152,2097152,True,0.608,64,64,64,64,64,64
OLMoE-1B-7B-0924,13,down_proj,grouped_g4,64,2048,1024,2097152,2097152,True,0.608,64,64,64,64,64,64
OLMoE-1B-7B-0924,13,down_proj,grouped_g8,64,2048,1024,2097152,2097152,True,0.608,64,64,64,64,64,64
OLMoE-1B-7B-0924,13,gate_proj,global,64,1024,2048,2097152,2097152,True,0.611,64,64,64,64,64,64
OLMoE-1B-7B-0924,13,gate_proj,shared_plus_delta,64,1024,2048,2097152,2097152,True,0.611,64,64,64,64,64,64
OLMoE-1B-7B-0924,13,gate_proj,grouped_g2,64,1024,2048,2097152,2097152,True,0.611,64,64,64,64,64,64
OLMoE-1B-7B-0924,13,gate_proj,grouped_g4,64,1024,2048,2097152,2097152,True,0.611,64,64,64,64,64,64
OLMoE-1B-7B-0924,13,gate_proj,grouped_g8,64,1024,2048,2097152,2097152,True,0.611,64,64,64,64,64,64
OLMoE-1B-7B-0924,13,up_proj,global,64,1024,2048,2097152,2097152,True,0.614,64,64,64,64,64,64
OLMoE-1B-7B-0924,13,up_proj,shared_plus_delta,64,1024,2048,2097152,2097152,True,0.614,64,64,64,64,64,64
OLMoE-1B-7B-0924,13,up_proj,grouped_g2,64,1024,2048,2097152,2097152,True,0.614,64,64,64,64,64,64
OLMoE-1B-7B-0924,13,up_proj,grouped_g4,64,1024,2048,2097152,2097152,True,0.614,64,64,64,64,64,64
OLMoE-1B-7B-0924,13,up_proj,grouped_g8,64,1024,2048,2097152,2097152,True,0.614,64,64,64,64,64,64
OLMoE-1B-7B-0924,14,down_proj,global,64,2048,1024,2097152,2097152,True,0.618,64,64,64,64,64,64
OLMoE-1B-7B-0924,14,down_proj,shared_plus_delta,64,2048,1024,2097152,2097152,True,0.618,64,64,64,64,64,64
OLMoE-1B-7B-0924,14,down_proj,grouped_g2,64,2048,1024,2097152,2097152,True,0.618,64,64,64,64,64,64
OLMoE-1B-7B-0924,14,down_proj,grouped_g4,64,2048,1024,2097152,2097152,True,0.618,64,64,64,64,64,64
OLMoE-1B-7B-0924,14,down_proj,grouped_g8,64,2048,1024,2097152,2097152,True,0.618,64,64,64,64,64,64
OLMoE-1B-7B-0924,14,gate_proj,global,64,1024,2048,2097152,2097152,True,0.616,64,64,64,64,64,64
OLMoE-1B-7B-0924,14,gate_proj,shared_plus_delta,64,1024,2048,2097152,2097152,True,0.616,64,64,64,64,64,64
OLMoE-1B-7B-0924,14,gate_proj,grouped_g2,64,1024,2048,2097152,2097152,True,0.616,64,64,64,64,64,64
OLMoE-1B-7B-0924,14,gate_proj,grouped_g4,64,1024,2048,2097152,2097152,True,0.616,64,64,64,64,64,64
OLMoE-1B-7B-0924,14,gate_proj,grouped_g8,64,1024,2048,2097152,2097152,True,0.616,64,64,64,64,64,64
OLMoE-1B-7B-0924,14,up_proj,global,64,1024,2048,2097152,2097152,True,0.620,64,64,64,64,64,64
OLMoE-1B-7B-0924,14,up_proj,shared_plus_delta,64,1024,2048,2097152,2097152,True,0.620,64,64,64,64,64,64
OLMoE-1B-7B-0924,14,up_proj,grouped_g2,64,1024,2048,2097152,2097152,True,0.620,64,64,64,64,64,64
OLMoE-1B-7B-0924,14,up_proj,grouped_g4,64,1024,2048,2097152,2097152,True,0.620,64,64,64,64,64,64
OLMoE-1B-7B-0924,14,up_proj,grouped_g8,64,1024,2048,2097152,2097152,True,0.620,64,64,64,64,64,64
OLMoE-1B-7B-0924,15,down_proj,global,64,2048,1024,2097152,2097152,True,0.601,64,64,64,64,64,64
OLMoE-1B-7B-0924,15,down_proj,shared_plus_delta,64,2048,1024,2097152,2097152,True,0.601,64,64,64,64,64,64
OLMoE-1B-7B-0924,15,down_proj,grouped_g2,64,2048,1024,2097152,2097152,True,0.601,64,64,64,64,64,64
OLMoE-1B-7B-0924,15,down_proj,grouped_g4,64,2048,1024,2097152,2097152,True,0.601,64,64,64,64,64,64
OLMoE-1B-7B-0924,15,down_proj,grouped_g8,64,2048,1024,2097152,2097152,True,0.601,64,64,64,64,64,64
OLMoE-1B-7B-0924,15,gate_proj,global,64,1024,2048,2097152,2097152,True,0.606,64,64,64,64,64,64
OLMoE-1B-7B-0924,15,gate_proj,shared_plus_delta,64,1024,2048,2097152,2097152,True,0.606,64,64,64,64,64,64
OLMoE-1B-7B-0924,15,gate_proj,grouped_g2,64,1024,2048,2097152,2097152,True,0.606,64,64,64,64,64,64
OLMoE-1B-7B-0924,15,gate_proj,grouped_g4,64,1024,2048,2097152,2097152,True,0.606,64,64,64,64,64,64
OLMoE-1B-7B-0924,15,gate_proj,grouped_g8,64,1024,2048,2097152,2097152,True,0.606,64,64,64,64,64,64
OLMoE-1B-7B-0924,15,up_proj,global,64,1024,2048,2097152,2097152,True,0.609,64,64,64,64,64,64
OLMoE-1B-7B-0924,15,up_proj,shared_plus_delta,64,1024,2048,2097152,2097152,True,0.609,64,64,64,64,64,64
OLMoE-1B-7B-0924,15,up_proj,grouped_g2,64,1024,2048,2097152,2097152,True,0.609,64,64,64,64,64,64
OLMoE-1B-7B-0924,15,up_proj,grouped_g4,64,1024,2048,2097152,2097152,True,0.609,64,64,64,64,64,64
OLMoE-1B-7B-0924,15,up_proj,grouped_g8,64,1024,2048,2097152,2097152,True,0.609,64,64,64,64,64,64
Qwen1.5-MoE-A2.7B,0,down_proj,global,60,2048,1408,2883584,2883584,True,1.127,60,60,60,60,60,60
Qwen1.5-MoE-A2.7B,0,down_proj,shared_plus_delta,60,2048,1408,2883584,2883584,True,1.127,60,60,60,60,60,60
Qwen1.5-MoE-A2.7B,0,down_proj,grouped_g2,60,2048,1408,2883584,2883584,True,1.127,60,60,60,60,60,60
Qwen1.5-MoE-A2.7B,0,down_proj,grouped_g4,60,2048,1408,2883584,2883584,True,1.127,60,60,60,60,60,60
Qwen1.5-MoE-A2.7B,0,down_proj,grouped_g8,60,2048,1408,2883584,2883584,True,1.127,60,60,60,60,60,60
Qwen1.5-MoE-A2.7B,0,gate_proj,global,60,1408,2048,2883584,2883584,True,1.124,60,60,60,60,60,60
Qwen1.5-MoE-A2.7B,0,gate_proj,shared_plus_delta,60,1408,2048,2883584,2883584,True,1.124,60,60,60,60,60,60
Qwen1.5-MoE-A2.7B,0,gate_proj,grouped_g2,60,1408,2048,2883584,2883584,True,1.124,60,60,60,60,60,60
Qwen1.5-MoE-A2.7B,0,gate_proj,grouped_g4,60,1408,2048,2883584,2883584,True,1.124,60,60,60,60,60,60
Qwen1.5-MoE-A2.7B,0,gate_proj,grouped_g8,60,1408,2048,2883584,2883584,True,1.124,60,60,60,60,60,60
Qwen1.5-MoE-A2.7B,0,up_proj,global,60,1408,2048,2883584,2883584,True,1.120,60,60,60,60,60,60
Qwen1.5-MoE-A2.7B,0,up_proj,shared_plus_delta,60,1408,2048,2883584,2883584,True,1.120,60,60,60,60,60,60
Qwen1.5-MoE-A2.7B,0,up_proj,grouped_g2,60,1408,2048,2883584,2883584,True,1.120,60,60,60,60,60,60
Qwen1.5-MoE-A2.7B,0,up_proj,grouped_g4,60,1408,2048,2883584,2883584,True,1.120,60,60,60,60,60,60
Qwen1.5-MoE-A2.7B,0,up_proj,grouped_g8,60,1408,2048,2883584,2883584,True,1.120,60,60,60,60,60,60
Qwen1.5-MoE-A2.7B,1,down_proj,global,60,2048,1408,2883584,2883584,True,1.102,60,60,60,60,60,60
Qwen1.5-MoE-A2.7B,1,down_proj,shared_plus_delta,60,2048,1408,2883584,2883584,True,1.102,60,60,60,60,60,60
Qwen1.5-MoE-A2.7B,1,down_proj,grouped_g2,60,2048,1408,2883584,2883584,True,1.102,60,60,60,60,60,60
Qwen1.5-MoE-A2.7B,1,down_proj,grouped_g4,60,2048,1408,2883584,2883584,True,1.102,60,60,60,60,60,60
Qwen1.5-MoE-A2.7B,1,down_proj,grouped_g8,60,2048,1408,2883584,2883584,True,1.102,60,60,60,60,60,60
Qwen1.5-MoE-A2.7B,1,gate_proj,global,60,1408,2048,2883584,2883584,True,1.106,60,60,60,60,60,60
Qwen1.5-MoE-A2.7B,1,gate_proj,shared_plus_delta,60,1408,2048,2883584,2883584,True,1.106,60,60,60,60,60,60
Qwen1.5-MoE-A2.7B,1,gate_proj,grouped_g2,60,1408,2048,2883584,2883584,True,1.106,60,60,60,60,60,60
Qwen1.5-MoE-A2.7B,1,gate_proj,grouped_g4,60,1408,2048,2883584,2883584,True,1.106,60,60,60,60,60,60
Qwen1.5-MoE-A2.7B,1,gate_proj,grouped_g8,60,1408,2048,2883584,2883584,True,1.106,60,60,60,60,60,60
Qwen1.5-MoE-A2.7B,1,up_proj,global,60,1408,2048,2883584,2883584,True,1.107,60,60,60,60,60,60
Qwen1.5-MoE-A2.7B,1,up_proj,shared_plus_delta,60,1408,2048,2883584,2883584,True,1.107,60,60,60,60,60,60
Qwen1.5-MoE-A2.7B,1,up_proj,grouped_g2,60,1408,2048,2883584,2883584,True,1.107,60,60,60,60,60,60
Qwen1.5-MoE-A2.7B,1,up_proj,grouped_g4,60,1408,2048,2883584,2883584,True,1.107,60,60,60,60,60,60
Qwen1.5-MoE-A2.7B,1,up_proj,grouped_g8,60,1408,2048,2883584,2883584,True,1.107,60,60,60,60,60,60
Qwen1.5-MoE-A2.7B,2,down_proj,global,60,2048,1408,2883584,2883584,True,1.138,60,60,60,60,60,60
Qwen1.5-MoE-A2.7B,2,down_proj,shared_plus_delta,60,2048,1408,2883584,2883584,True,1.138,60,60,60,60,60,60
Qwen1.5-MoE-A2.7B,2,down_proj,grouped_g2,60,2048,1408,2883584,2883584,True,1.138,60,60,60,60,60,60
Qwen1.5-MoE-A2.7B,2,down_proj,grouped_g4,60,2048,1408,2883584,2883584,True,1.138,60,60,60,60,60,60
Qwen1.5-MoE-A2.7B,2,down_proj,grouped_g8,60,2048,1408,2883584,2883584,True,1.138,60,60,60,60,60,60
Qwen1.5-MoE-A2.7B,2,gate_proj,global,60,1408,2048,2883584,2883584,True,1.146,60,60,60,60,60,60
Qwen1.5-MoE-A2.7B,2,gate_proj,shared_plus_delta,60,1408,2048,2883584,2883584,True,1.146,60,60,60,60,60,60
Qwen1.5-MoE-A2.7B,2,gate_proj,grouped_g2,60,1408,2048,2883584,2883584,True,1.146,60,60,60,60,60,60
Qwen1.5-MoE-A2.7B,2,gate_proj,grouped_g4,60,1408,2048,2883584,2883584,True,1.146,60,60,60,60,60,60
Qwen1.5-MoE-A2.7B,2,gate_proj,grouped_g8,60,1408,2048,2883584,2883584,True,1.146,60,60,60,60,60,60
Qwen1.5-MoE-A2.7B,2,up_proj,global,60,1408,2048,2883584,2883584,True,1.141,60,60,60,60,60,60
Qwen1.5-MoE-A2.7B,2,up_proj,shared_plus_delta,60,1408,2048,2883584,2883584,True,1.141,60,60,60,60,60,60
Qwen1.5-MoE-A2.7B,2,up_proj,grouped_g2,60,1408,2048,2883584,2883584,True,1.141,60,60,60,60,60,60
Qwen1.5-MoE-A2.7B,2,up_proj,grouped_g4,60,1408,2048,2883584,2883584,True,1.141,60,60,60,60,60,60
Qwen1.5-MoE-A2.7B,2,up_proj,grouped_g8,60,1408,2048,2883584,2883584,True,1.141,60,60,60,60,60,60
Qwen1.5-MoE-A2.7B,3,down_proj,global,60,2048,1408,2883584,2883584,True,1.149,60,60,60,60,60,60
Qwen1.5-MoE-A2.7B,3,down_proj,shared_plus_delta,60,2048,1408,2883584,2883584,True,1.149,60,60,60,60,60,60
Qwen1.5-MoE-A2.7B,3,down_proj,grouped_g2,60,2048,1408,2883584,2883584,True,1.149,60,60,60,60,60,60
Qwen1.5-MoE-A2.7B,3,down_proj,grouped_g4,60,2048,1408,2883584,2883584,True,1.149,60,60,60,60,60,60
Qwen1.5-MoE-A2.7B,3,down_proj,grouped_g8,60,2048,1408,2883584,2883584,True,1.149,60,60,60,60,60,60
Qwen1.5-MoE-A2.7B,3,gate_proj,global,60,1408,2048,2883584,2883584,True,1.166,60,60,60,60,60,60
Qwen1.5-MoE-A2.7B,3,gate_proj,shared_plus_delta,60,1408,2048,2883584,2883584,True,1.166,60,60,60,60,60,60
Qwen1.5-MoE-A2.7B,3,gate_proj,grouped_g2,60,1408,2048,2883584,2883584,True,1.166,60,60,60,60,60,60
Qwen1.5-MoE-A2.7B,3,gate_proj,grouped_g4,60,1408,2048,2883584,2883584,True,1.166,60,60,60,60,60,60
Qwen1.5-MoE-A2.7B,3,gate_proj,grouped_g8,60,1408,2048,2883584,2883584,True,1.166,60,60,60,60,60,60
Qwen1.5-MoE-A2.7B,3,up_proj,global,60,1408,2048,2883584,2883584,True,1.182,60,60,60,60,60,60
Qwen1.5-MoE-A2.7B,3,up_proj,shared_plus_delta,60,1408,2048,2883584,2883584,True,1.182,60,60,60,60,60,60
Qwen1.5-MoE-A2.7B,3,up_proj,grouped_g2,60,1408,2048,2883584,2883584,True,1.182,60,60,60,60,60,60
Qwen1.5-MoE-A2.7B,3,up_proj,grouped_g4,60,1408,2048,2883584,2883584,True,1.182,60,60,60,60,60,60
Qwen1.5-MoE-A2.7B,3,up_proj,grouped_g8,60,1408,2048,2883584,2883584,True,1.182,60,60,60,60,60,60
Qwen1.5-MoE-A2.7B,4,down_proj,global,60,2048,1408,2883584,2883584,True,1.157,60,60,60,60,60,60
Qwen1.5-MoE-A2.7B,4,down_proj,shared_plus_delta,60,2048,1408,2883584,2883584,True,1.157,60,60,60,60,60,60
Qwen1.5-MoE-A2.7B,4,down_proj,grouped_g2,60,2048,1408,2883584,2883584,True,1.157,60,60,60,60,60,60
Qwen1.5-MoE-A2.7B,4,down_proj,grouped_g4,60,2048,1408,2883584,2883584,True,1.157,60,60,60,60,60,60
Qwen1.5-MoE-A2.7B,4,down_proj,grouped_g8,60,2048,1408,2883584,2883584,True,1.157,60,60,60,60,60,60
Qwen1.5-MoE-A2.7B,4,gate_proj,global,60,1408,2048,2883584,2883584,True,1.138,60,60,60,60,60,60
Qwen1.5-MoE-A2.7B,4,gate_proj,shared_plus_delta,60,1408,2048,2883584,2883584,True,1.138,60,60,60,60,60,60
Qwen1.5-MoE-A2.7B,4,gate_proj,grouped_g2,60,1408,2048,2883584,2883584,True,1.138,60,60,60,60,60,60
Qwen1.5-MoE-A2.7B,4,gate_proj,grouped_g4,60,1408,2048,2883584,2883584,True,1.138,60,60,60,60,60,60
Qwen1.5-MoE-A2.7B,4,gate_proj,grouped_g8,60,1408,2048,2883584,2883584,True,1.138,60,60,60,60,60,60
Qwen1.5-MoE-A2.7B,4,up_proj,global,60,1408,2048,2883584,2883584,True,1.156,60,60,60,60,60,60
Qwen1.5-MoE-A2.7B,4,up_proj,shared_plus_delta,60,1408,2048,2883584,2883584,True,1.156,60,60,60,60,60,60
Qwen1.5-MoE-A2.7B,4,up_proj,grouped_g2,60,1408,2048,2883584,2883584,True,1.156,60,60,60,60,60,60
Qwen1.5-MoE-A2.7B,4,up_proj,grouped_g4,60,1408,2048,2883584,2883584,True,1.156,60,60,60,60,60,60
Qwen1.5-MoE-A2.7B,4,up_proj,grouped_g8,60,1408,2048,2883584,2883584,True,1.156,60,60,60,60,60,60
Qwen1.5-MoE-A2.7B,5,down_proj,global,60,2048,1408,2883584,2883584,True,1.147,60,60,60,60,60,60
Qwen1.5-MoE-A2.7B,5,down_proj,shared_plus_delta,60,2048,1408,2883584,2883584,True,1.147,60,60,60,60,60,60
Qwen1.5-MoE-A2.7B,5,down_proj,grouped_g2,60,2048,1408,2883584,2883584,True,1.147,60,60,60,60,60,60
Qwen1.5-MoE-A2.7B,5,down_proj,grouped_g4,60,2048,1408,2883584,2883584,True,1.147,60,60,60,60,60,60
Qwen1.5-MoE-A2.7B,5,down_proj,grouped_g8,60,2048,1408,2883584,2883584,True,1.147,60,60,60,60,60,60
Qwen1.5-MoE-A2.7B,5,gate_proj,global,60,1408,2048,2883584,2883584,True,1.141,60,60,60,60,60,60
Qwen1.5-MoE-A2.7B,5,gate_proj,shared_plus_delta,60,1408,2048,2883584,2883584,True,1.141,60,60,60,60,60,60
Qwen1.5-MoE-A2.7B,5,gate_proj,grouped_g2,60,1408,2048,2883584,2883584,True,1.141,60,60,60,60,60,60
Qwen1.5-MoE-A2.7B,5,gate_proj,grouped_g4,60,1408,2048,2883584,2883584,True,1.141,60,60,60,60,60,60
Qwen1.5-MoE-A2.7B,5,gate_proj,grouped_g8,60,1408,2048,2883584,2883584,True,1.141,60,60,60,60,60,60
Qwen1.5-MoE-A2.7B,5,up_proj,global,60,1408,2048,2883584,2883584,True,1.151,60,60,60,60,60,60
Qwen1.5-MoE-A2.7B,5,up_proj,shared_plus_delta,60,1408,2048,2883584,2883584,True,1.151,60,60,60,60,60,60
Qwen1.5-MoE-A2.7B,5,up_proj,grouped_g2,60,1408,2048,2883584,2883584,True,1.151,60,60,60,60,60,60
Qwen1.5-MoE-A2.7B,5,up_proj,grouped_g4,60,1408,2048,2883584,2883584,True,1.151,60,60,60,60,60,60
Qwen1.5-MoE-A2.7B,5,up_proj,grouped_g8,60,1408,2048,2883584,2883584,True,1.151,60,60,60,60,60,60
Qwen1.5-MoE-A2.7B,6,down_proj,global,60,2048,1408,2883584,2883584,True,1.154,60,60,60,60,60,60
Qwen1.5-MoE-A2.7B,6,down_proj,shared_plus_delta,60,2048,1408,2883584,2883584,True,1.154,60,60,60,60,60,60
Qwen1.5-MoE-A2.7B,6,down_proj,grouped_g2,60,2048,1408,2883584,2883584,True,1.154,60,60,60,60,60,60
Qwen1.5-MoE-A2.7B,6,down_proj,grouped_g4,60,2048,1408,2883584,2883584,True,1.154,60,60,60,60,60,60
Qwen1.5-MoE-A2.7B,6,down_proj,grouped_g8,60,2048,1408,2883584,2883584,True,1.154,60,60,60,60,60,60
Qwen1.5-MoE-A2.7B,6,gate_proj,global,60,1408,2048,2883584,2883584,True,1.142,60,60,60,60,60,60
Qwen1.5-MoE-A2.7B,6,gate_proj,shared_plus_delta,60,1408,2048,2883584,2883584,True,1.142,60,60,60,60,60,60
Qwen1.5-MoE-A2.7B,6,gate_proj,grouped_g2,60,1408,2048,2883584,2883584,True,1.142,60,60,60,60,60,60
Qwen1.5-MoE-A2.7B,6,gate_proj,grouped_g4,60,1408,2048,2883584,2883584,True,1.142,60,60,60,60,60,60
Qwen1.5-MoE-A2.7B,6,gate_proj,grouped_g8,60,1408,2048,2883584,2883584,True,1.142,60,60,60,60,60,60
Qwen1.5-MoE-A2.7B,6,up_proj,global,60,1408,2048,2883584,2883584,True,1.137,60,60,60,60,60,60
Qwen1.5-MoE-A2.7B,6,up_proj,shared_plus_delta,60,1408,2048,2883584,2883584,True,1.137,60,60,60,60,60,60
Qwen1.5-MoE-A2.7B,6,up_proj,grouped_g2,60,1408,2048,2883584,2883584,True,1.137,60,60,60,60,60,60
Qwen1.5-MoE-A2.7B,6,up_proj,grouped_g4,60,1408,2048,2883584,2883584,True,1.137,60,60,60,60,60,60
Qwen1.5-MoE-A2.7B,6,up_proj,grouped_g8,60,1408,2048,2883584,2883584,True,1.137,60,60,60,60,60,60
Qwen1.5-MoE-A2.7B,7,down_proj,global,60,2048,1408,2883584,2883584,True,1.136,60,60,60,60,60,60
Qwen1.5-MoE-A2.7B,7,down_proj,shared_plus_delta,60,2048,1408,2883584,2883584,True,1.136,60,60,60,60,60,60
Qwen1.5-MoE-A2.7B,7,down_proj,grouped_g2,60,2048,1408,2883584,2883584,True,1.136,60,60,60,60,60,60
Qwen1.5-MoE-A2.7B,7,down_proj,grouped_g4,60,2048,1408,2883584,2883584,True,1.136,60,60,60,60,60,60
Qwen1.5-MoE-A2.7B,7,down_proj,grouped_g8,60,2048,1408,2883584,2883584,True,1.136,60,60,60,60,60,60
Qwen1.5-MoE-A2.7B,7,gate_proj,global,60,1408,2048,2883584,2883584,True,1.157,60,60,60,60,60,60
Qwen1.5-MoE-A2.7B,7,gate_proj,shared_plus_delta,60,1408,2048,2883584,2883584,True,1.157,60,60,60,60,60,60
Qwen1.5-MoE-A2.7B,7,gate_proj,grouped_g2,60,1408,2048,2883584,2883584,True,1.157,60,60,60,60,60,60
Qwen1.5-MoE-A2.7B,7,gate_proj,grouped_g4,60,1408,2048,2883584,2883584,True,1.157,60,60,60,60,60,60
Qwen1.5-MoE-A2.7B,7,gate_proj,grouped_g8,60,1408,2048,2883584,2883584,True,1.157,60,60,60,60,60,60
Qwen1.5-MoE-A2.7B,7,up_proj,global,60,1408,2048,2883584,2883584,True,1.166,60,60,60,60,60,60
Qwen1.5-MoE-A2.7B,7,up_proj,shared_plus_delta,60,1408,2048,2883584,2883584,True,1.166,60,60,60,60,60,60
Qwen1.5-MoE-A2.7B,7,up_proj,grouped_g2,60,1408,2048,2883584,2883584,True,1.166,60,60,60,60,60,60
Qwen1.5-MoE-A2.7B,7,up_proj,grouped_g4,60,1408,2048,2883584,2883584,True,1.166,60,60,60,60,60,60
Qwen1.5-MoE-A2.7B,7,up_proj,grouped_g8,60,1408,2048,2883584,2883584,True,1.166,60,60,60,60,60,60
Qwen1.5-MoE-A2.7B,8,down_proj,global,60,2048,1408,2883584,2883584,True,1.157,60,60,60,60,60,60
Qwen1.5-MoE-A2.7B,8,down_proj,shared_plus_delta,60,2048,1408,2883584,2883584,True,1.157,60,60,60,60,60,60
Qwen1.5-MoE-A2.7B,8,down_proj,grouped_g2,60,2048,1408,2883584,2883584,True,1.157,60,60,60,60,60,60
Qwen1.5-MoE-A2.7B,8,down_proj,grouped_g4,60,2048,1408,2883584,2883584,True,1.157,60,60,60,60,60,60
Qwen1.5-MoE-A2.7B,8,down_proj,grouped_g8,60,2048,1408,2883584,2883584,True,1.157,60,60,60,60,60,60
Qwen1.5-MoE-A2.7B,8,gate_proj,global,60,1408,2048,2883584,2883584,True,1.131,60,60,60,60,60,60
Qwen1.5-MoE-A2.7B,8,gate_proj,shared_plus_delta,60,1408,2048,2883584,2883584,True,1.131,60,60,60,60,60,60
Qwen1.5-MoE-A2.7B,8,gate_proj,grouped_g2,60,1408,2048,2883584,2883584,True,1.131,60,60,60,60,60,60
Qwen1.5-MoE-A2.7B,8,gate_proj,grouped_g4,60,1408,2048,2883584,2883584,True,1.131,60,60,60,60,60,60
Qwen1.5-MoE-A2.7B,8,gate_proj,grouped_g8,60,1408,2048,2883584,2883584,True,1.131,60,60,60,60,60,60
Qwen1.5-MoE-A2.7B,8,up_proj,global,60,1408,2048,2883584,2883584,True,1.124,60,60,60,60,60,60
Qwen1.5-MoE-A2.7B,8,up_proj,shared_plus_delta,60,1408,2048,2883584,2883584,True,1.124,60,60,60,60,60,60
Qwen1.5-MoE-A2.7B,8,up_proj,grouped_g2,60,1408,2048,2883584,2883584,True,1.124,60,60,60,60,60,60
Qwen1.5-MoE-A2.7B,8,up_proj,grouped_g4,60,1408,2048,2883584,2883584,True,1.124,60,60,60,60,60,60
Qwen1.5-MoE-A2.7B,8,up_proj,grouped_g8,60,1408,2048,2883584,2883584,True,1.124,60,60,60,60,60,60
Qwen1.5-MoE-A2.7B,9,down_proj,global,60,2048,1408,2883584,2883584,True,1.130,60,60,60,60,60,60
Qwen1.5-MoE-A2.7B,9,down_proj,shared_plus_delta,60,2048,1408,2883584,2883584,True,1.130,60,60,60,60,60,60
Qwen1.5-MoE-A2.7B,9,down_proj,grouped_g2,60,2048,1408,2883584,2883584,True,1.130,60,60,60,60,60,60
Qwen1.5-MoE-A2.7B,9,down_proj,grouped_g4,60,2048,1408,2883584,2883584,True,1.130,60,60,60,60,60,60
Qwen1.5-MoE-A2.7B,9,down_proj,grouped_g8,60,2048,1408,2883584,2883584,True,1.130,60,60,60,60,60,60
Qwen1.5-MoE-A2.7B,9,gate_proj,global,60,1408,2048,2883584,2883584,True,1.120,60,60,60,60,60,60
Qwen1.5-MoE-A2.7B,9,gate_proj,shared_plus_delta,60,1408,2048,2883584,2883584,True,1.120,60,60,60,60,60,60
Qwen1.5-MoE-A2.7B,9,gate_proj,grouped_g2,60,1408,2048,2883584,2883584,True,1.120,60,60,60,60,60,60
Qwen1.5-MoE-A2.7B,9,gate_proj,grouped_g4,60,1408,2048,2883584,2883584,True,1.120,60,60,60,60,60,60
Qwen1.5-MoE-A2.7B,9,gate_proj,grouped_g8,60,1408,2048,2883584,2883584,True,1.120,60,60,60,60,60,60
Qwen1.5-MoE-A2.7B,9,up_proj,global,60,1408,2048,2883584,2883584,True,1.111,60,60,60,60,60,60
Qwen1.5-MoE-A2.7B,9,up_proj,shared_plus_delta,60,1408,2048,2883584,2883584,True,1.111,60,60,60,60,60,60
Qwen1.5-MoE-A2.7B,9,up_proj,grouped_g2,60,1408,2048,2883584,2883584,True,1.111,60,60,60,60,60,60
Qwen1.5-MoE-A2.7B,9,up_proj,grouped_g4,60,1408,2048,2883584,2883584,True,1.111,60,60,60,60,60,60
Qwen1.5-MoE-A2.7B,9,up_proj,grouped_g8,60,1408,2048,2883584,2883584,True,1.111,60,60,60,60,60,60
Qwen1.5-MoE-A2.7B,10,down_proj,global,60,2048,1408,2883584,2883584,True,1.121,60,60,60,60,60,60
Qwen1.5-MoE-A2.7B,10,down_proj,shared_plus_delta,60,2048,1408,2883584,2883584,True,1.121,60,60,60,60,60,60
Qwen1.5-MoE-A2.7B,10,down_proj,grouped_g2,60,2048,1408,2883584,2883584,True,1.121,60,60,60,60,60,60
Qwen1.5-MoE-A2.7B,10,down_proj,grouped_g4,60,2048,1408,2883584,2883584,True,1.121,60,60,60,60,60,60
Qwen1.5-MoE-A2.7B,10,down_proj,grouped_g8,60,2048,1408,2883584,2883584,True,1.121,60,60,60,60,60,60
Qwen1.5-MoE-A2.7B,10,gate_proj,global,60,1408,2048,2883584,2883584,True,1.126,60,60,60,60,60,60
Qwen1.5-MoE-A2.7B,10,gate_proj,shared_plus_delta,60,1408,2048,2883584,2883584,True,1.126,60,60,60,60,60,60
Qwen1.5-MoE-A2.7B,10,gate_proj,grouped_g2,60,1408,2048,2883584,2883584,True,1.126,60,60,60,60,60,60
Qwen1.5-MoE-A2.7B,10,gate_proj,grouped_g4,60,1408,2048,2883584,2883584,True,1.126,60,60,60,60,60,60
Qwen1.5-MoE-A2.7B,10,gate_proj,grouped_g8,60,1408,2048,2883584,2883584,True,1.126,60,60,60,60,60,60
Qwen1.5-MoE-A2.7B,10,up_proj,global,60,1408,2048,2883584,2883584,True,1.116,60,60,60,60,60,60
Qwen1.5-MoE-A2.7B,10,up_proj,shared_plus_delta,60,1408,2048,2883584,2883584,True,1.116,60,60,60,60,60,60
Qwen1.5-MoE-A2.7B,10,up_proj,grouped_g2,60,1408,2048,2883584,2883584,True,1.116,60,60,60,60,60,60
Qwen1.5-MoE-A2.7B,10,up_proj,grouped_g4,60,1408,2048,2883584,2883584,True,1.116,60,60,60,60,60,60
Qwen1.5-MoE-A2.7B,10,up_proj,grouped_g8,60,1408,2048,2883584,2883584,True,1.116,60,60,60,60,60,60
Qwen1.5-MoE-A2.7B,11,down_proj,global,60,2048,1408,2883584,2883584,True,1.111,60,60,60,60,60,60
Qwen1.5-MoE-A2.7B,11,down_proj,shared_plus_delta,60,2048,1408,2883584,2883584,True,1.111,60,60,60,60,60,60
Qwen1.5-MoE-A2.7B,11,down_proj,grouped_g2,60,2048,1408,2883584,2883584,True,1.111,60,60,60,60,60,60
Qwen1.5-MoE-A2.7B,11,down_proj,grouped_g4,60,2048,1408,2883584,2883584,True,1.111,60,60,60,60,60,60
Qwen1.5-MoE-A2.7B,11,down_proj,grouped_g8,60,2048,1408,2883584,2883584,True,1.111,60,60,60,60,60,60
Qwen1.5-MoE-A2.7B,11,gate_proj,global,60,1408,2048,2883584,2883584,True,1.127,60,60,60,60,60,60
Qwen1.5-MoE-A2.7B,11,gate_proj,shared_plus_delta,60,1408,2048,2883584,2883584,True,1.127,60,60,60,60,60,60
Qwen1.5-MoE-A2.7B,11,gate_proj,grouped_g2,60,1408,2048,2883584,2883584,True,1.127,60,60,60,60,60,60
Qwen1.5-MoE-A2.7B,11,gate_proj,grouped_g4,60,1408,2048,2883584,2883584,True,1.127,60,60,60,60,60,60
Qwen1.5-MoE-A2.7B,11,gate_proj,grouped_g8,60,1408,2048,2883584,2883584,True,1.127,60,60,60,60,60,60
Qwen1.5-MoE-A2.7B,11,up_proj,global,60,1408,2048,2883584,2883584,True,1.105,60,60,60,60,60,60
Qwen1.5-MoE-A2.7B,11,up_proj,shared_plus_delta,60,1408,2048,2883584,2883584,True,1.105,60,60,60,60,60,60
Qwen1.5-MoE-A2.7B,11,up_proj,grouped_g2,60,1408,2048,2883584,2883584,True,1.105,60,60,60,60,60,60
Qwen1.5-MoE-A2.7B,11,up_proj,grouped_g4,60,1408,2048,2883584,2883584,True,1.105,60,60,60,60,60,60
Qwen1.5-MoE-A2.7B,11,up_proj,grouped_g8,60,1408,2048,2883584,2883584,True,1.105,60,60,60,60,60,60
Qwen1.5-MoE-A2.7B,12,down_proj,global,60,2048,1408,2883584,2883584,True,1.110,60,60,60,60,60,60
Qwen1.5-MoE-A2.7B,12,down_proj,shared_plus_delta,60,2048,1408,2883584,2883584,True,1.110,60,60,60,60,60,60
Qwen1.5-MoE-A2.7B,12,down_proj,grouped_g2,60,2048,1408,2883584,2883584,True,1.110,60,60,60,60,60,60
Qwen1.5-MoE-A2.7B,12,down_proj,grouped_g4,60,2048,1408,2883584,2883584,True,1.110,60,60,60,60,60,60
Qwen1.5-MoE-A2.7B,12,down_proj,grouped_g8,60,2048,1408,2883584,2883584,True,1.110,60,60,60,60,60,60
Qwen1.5-MoE-A2.7B,12,gate_proj,global,60,1408,2048,2883584,2883584,True,1.106,60,60,60,60,60,60
Qwen1.5-MoE-A2.7B,12,gate_proj,shared_plus_delta,60,1408,2048,2883584,2883584,True,1.106,60,60,60,60,60,60
Qwen1.5-MoE-A2.7B,12,gate_proj,grouped_g2,60,1408,2048,2883584,2883584,True,1.106,60,60,60,60,60,60
Qwen1.5-MoE-A2.7B,12,gate_proj,grouped_g4,60,1408,2048,2883584,2883584,True,1.106,60,60,60,60,60,60
Qwen1.5-MoE-A2.7B,12,gate_proj,grouped_g8,60,1408,2048,2883584,2883584,True,1.106,60,60,60,60,60,60
Qwen1.5-MoE-A2.7B,12,up_proj,global,60,1408,2048,2883584,2883584,True,1.113,60,60,60,60,60,60
Qwen1.5-MoE-A2.7B,12,up_proj,shared_plus_delta,60,1408,2048,2883584,2883584,True,1.113,60,60,60,60,60,60
Qwen1.5-MoE-A2.7B,12,up_proj,grouped_g2,60,1408,2048,2883584,2883584,True,1.113,60,60,60,60,60,60
Qwen1.5-MoE-A2.7B,12,up_proj,grouped_g4,60,1408,2048,2883584,2883584,True,1.113,60,60,60,60,60,60
Qwen1.5-MoE-A2.7B,12,up_proj,grouped_g8,60,1408,2048,2883584,2883584,True,1.113,60,60,60,60,60,60
Qwen1.5-MoE-A2.7B,13,down_proj,global,60,2048,1408,2883584,2883584,True,1.129,60,60,60,60,60,60
Qwen1.5-MoE-A2.7B,13,down_proj,shared_plus_delta,60,2048,1408,2883584,2883584,True,1.129,60,60,60,60,60,60
Qwen1.5-MoE-A2.7B,13,down_proj,grouped_g2,60,2048,1408,2883584,2883584,True,1.129,60,60,60,60,60,60
Qwen1.5-MoE-A2.7B,13,down_proj,grouped_g4,60,2048,1408,2883584,2883584,True,1.129,60,60,60,60,60,60
Qwen1.5-MoE-A2.7B,13,down_proj,grouped_g8,60,2048,1408,2883584,2883584,True,1.129,60,60,60,60,60,60
Qwen1.5-MoE-A2.7B,13,gate_proj,global,60,1408,2048,2883584,2883584,True,1.120,60,60,60,60,60,60
Qwen1.5-MoE-A2.7B,13,gate_proj,shared_plus_delta,60,1408,2048,2883584,2883584,True,1.120,60,60,60,60,60,60
Qwen1.5-MoE-A2.7B,13,gate_proj,grouped_g2,60,1408,2048,2883584,2883584,True,1.120,60,60,60,60,60,60
Qwen1.5-MoE-A2.7B,13,gate_proj,grouped_g4,60,1408,2048,2883584,2883584,True,1.120,60,60,60,60,60,60
Qwen1.5-MoE-A2.7B,13,gate_proj,grouped_g8,60,1408,2048,2883584,2883584,True,1.120,60,60,60,60,60,60
Qwen1.5-MoE-A2.7B,13,up_proj,global,60,1408,2048,2883584,2883584,True,1.130,60,60,60,60,60,60
Qwen1.5-MoE-A2.7B,13,up_proj,shared_plus_delta,60,1408,2048,2883584,2883584,True,1.130,60,60,60,60,60,60
Qwen1.5-MoE-A2.7B,13,up_proj,grouped_g2,60,1408,2048,2883584,2883584,True,1.130,60,60,60,60,60,60
Qwen1.5-MoE-A2.7B,13,up_proj,grouped_g4,60,1408,2048,2883584,2883584,True,1.130,60,60,60,60,60,60
Qwen1.5-MoE-A2.7B,13,up_proj,grouped_g8,60,1408,2048,2883584,2883584,True,1.130,60,60,60,60,60,60
Qwen1.5-MoE-A2.7B,14,down_proj,global,60,2048,1408,2883584,2883584,True,1.115,60,60,60,60,60,60
Qwen1.5-MoE-A2.7B,14,down_proj,shared_plus_delta,60,2048,1408,2883584,2883584,True,1.115,60,60,60,60,60,60
Qwen1.5-MoE-A2.7B,14,down_proj,grouped_g2,60,2048,1408,2883584,2883584,True,1.115,60,60,60,60,60,60
Qwen1.5-MoE-A2.7B,14,down_proj,grouped_g4,60,2048,1408,2883584,2883584,True,1.115,60,60,60,60,60,60
Qwen1.5-MoE-A2.7B,14,down_proj,grouped_g8,60,2048,1408,2883584,2883584,True,1.115,60,60,60,60,60,60
Qwen1.5-MoE-A2.7B,14,gate_proj,global,60,1408,2048,2883584,2883584,True,1.115,60,60,60,60,60,60
Qwen1.5-MoE-A2.7B,14,gate_proj,shared_plus_delta,60,1408,2048,2883584,2883584,True,1.115,60,60,60,60,60,60
Qwen1.5-MoE-A2.7B,14,gate_proj,grouped_g2,60,1408,2048,2883584,2883584,True,1.115,60,60,60,60,60,60
Qwen1.5-MoE-A2.7B,14,gate_proj,grouped_g4,60,1408,2048,2883584,2883584,True,1.115,60,60,60,60,60,60
Qwen1.5-MoE-A2.7B,14,gate_proj,grouped_g8,60,1408,2048,2883584,2883584,True,1.115,60,60,60,60,60,60
Qwen1.5-MoE-A2.7B,14,up_proj,global,60,1408,2048,2883584,2883584,True,1.123,60,60,60,60,60,60
Qwen1.5-MoE-A2.7B,14,up_proj,shared_plus_delta,60,1408,2048,2883584,2883584,True,1.123,60,60,60,60,60,60
Qwen1.5-MoE-A2.7B,14,up_proj,grouped_g2,60,1408,2048,2883584,2883584,True,1.123,60,60,60,60,60,60
Qwen1.5-MoE-A2.7B,14,up_proj,grouped_g4,60,1408,2048,2883584,2883584,True,1.123,60,60,60,60,60,60
Qwen1.5-MoE-A2.7B,14,up_proj,grouped_g8,60,1408,2048,2883584,2883584,True,1.123,60,60,60,60,60,60
Qwen1.5-MoE-A2.7B,15,down_proj,global,60,2048,1408,2883584,2883584,True,1.109,60,60,60,60,60,60
Qwen1.5-MoE-A2.7B,15,down_proj,shared_plus_delta,60,2048,1408,2883584,2883584,True,1.109,60,60,60,60,60,60
Qwen1.5-MoE-A2.7B,15,down_proj,grouped_g2,60,2048,1408,2883584,2883584,True,1.109,60,60,60,60,60,60
Qwen1.5-MoE-A2.7B,15,down_proj,grouped_g4,60,2048,1408,2883584,2883584,True,1.109,60,60,60,60,60,60
Qwen1.5-MoE-A2.7B,15,down_proj,grouped_g8,60,2048,1408,2883584,2883584,True,1.109,60,60,60,60,60,60
Qwen1.5-MoE-A2.7B,15,gate_proj,global,60,1408,2048,2883584,2883584,True,1.113,60,60,60,60,60,60
Qwen1.5-MoE-A2.7B,15,gate_proj,shared_plus_delta,60,1408,2048,2883584,2883584,True,1.113,60,60,60,60,60,60
Qwen1.5-MoE-A2.7B,15,gate_proj,grouped_g2,60,1408,2048,2883584,2883584,True,1.113,60,60,60,60,60,60
Qwen1.5-MoE-A2.7B,15,gate_proj,grouped_g4,60,1408,2048,2883584,2883584,True,1.113,60,60,60,60,60,60
Qwen1.5-MoE-A2.7B,15,gate_proj,grouped_g8,60,1408,2048,2883584,2883584,True,1.113,60,60,60,60,60,60
Qwen1.5-MoE-A2.7B,15,up_proj,global,60,1408,2048,2883584,2883584,True,1.105,60,60,60,60,60,60
Qwen1.5-MoE-A2.7B,15,up_proj,shared_plus_delta,60,1408,2048,2883584,2883584,True,1.105,60,60,60,60,60,60
Qwen1.5-MoE-A2.7B,15,up_proj,grouped_g2,60,1408,2048,2883584,2883584,True,1.105,60,60,60,60,60,60
Qwen1.5-MoE-A2.7B,15,up_proj,grouped_g4,60,1408,2048,2883584,2883584,True,1.105,60,60,60,60,60,60
Qwen1.5-MoE-A2.7B,15,up_proj,grouped_g8,60,1408,2048,2883584,2883584,True,1.105,60,60,60,60,60,60
Qwen1.5-MoE-A2.7B,16,down_proj,global,60,2048,1408,2883584,2883584,True,1.110,60,60,60,60,60,60
Qwen1.5-MoE-A2.7B,16,down_proj,shared_plus_delta,60,2048,1408,2883584,2883584,True,1.110,60,60,60,60,60,60
Qwen1.5-MoE-A2.7B,16,down_proj,grouped_g2,60,2048,1408,2883584,2883584,True,1.110,60,60,60,60,60,60
Qwen1.5-MoE-A2.7B,16,down_proj,grouped_g4,60,2048,1408,2883584,2883584,True,1.110,60,60,60,60,60,60
Qwen1.5-MoE-A2.7B,16,down_proj,grouped_g8,60,2048,1408,2883584,2883584,True,1.110,60,60,60,60,60,60
Qwen1.5-MoE-A2.7B,16,gate_proj,global,60,1408,2048,2883584,2883584,True,1.100,60,60,60,60,60,60
Qwen1.5-MoE-A2.7B,16,gate_proj,shared_plus_delta,60,1408,2048,2883584,2883584,True,1.100,60,60,60,60,60,60
Qwen1.5-MoE-A2.7B,16,gate_proj,grouped_g2,60,1408,2048,2883584,2883584,True,1.100,60,60,60,60,60,60
Qwen1.5-MoE-A2.7B,16,gate_proj,grouped_g4,60,1408,2048,2883584,2883584,True,1.100,60,60,60,60,60,60
Qwen1.5-MoE-A2.7B,16,gate_proj,grouped_g8,60,1408,2048,2883584,2883584,True,1.100,60,60,60,60,60,60
Qwen1.5-MoE-A2.7B,16,up_proj,global,60,1408,2048,2883584,2883584,True,1.107,60,60,60,60,60,60
Qwen1.5-MoE-A2.7B,16,up_proj,shared_plus_delta,60,1408,2048,2883584,2883584,True,1.107,60,60,60,60,60,60
Qwen1.5-MoE-A2.7B,16,up_proj,grouped_g2,60,1408,2048,2883584,2883584,True,1.107,60,60,60,60,60,60
Qwen1.5-MoE-A2.7B,16,up_proj,grouped_g4,60,1408,2048,2883584,2883584,True,1.107,60,60,60,60,60,60
Qwen1.5-MoE-A2.7B,16,up_proj,grouped_g8,60,1408,2048,2883584,2883584,True,1.107,60,60,60,60,60,60
Qwen1.5-MoE-A2.7B,17,down_proj,global,60,2048,1408,2883584,2883584,True,1.112,60,60,60,60,60,60
Qwen1.5-MoE-A2.7B,17,down_proj,shared_plus_delta,60,2048,1408,2883584,2883584,True,1.112,60,60,60,60,60,60
Qwen1.5-MoE-A2.7B,17,down_proj,grouped_g2,60,2048,1408,2883584,2883584,True,1.112,60,60,60,60,60,60
Qwen1.5-MoE-A2.7B,17,down_proj,grouped_g4,60,2048,1408,2883584,2883584,True,1.112,60,60,60,60,60,60
Qwen1.5-MoE-A2.7B,17,down_proj,grouped_g8,60,2048,1408,2883584,2883584,True,1.112,60,60,60,60,60,60
Qwen1.5-MoE-A2.7B,17,gate_proj,global,60,1408,2048,2883584,2883584,True,1.110,60,60,60,60,60,60
Qwen1.5-MoE-A2.7B,17,gate_proj,shared_plus_delta,60,1408,2048,2883584,2883584,True,1.110,60,60,60,60,60,60
Qwen1.5-MoE-A2.7B,17,gate_proj,grouped_g2,60,1408,2048,2883584,2883584,True,1.110,60,60,60,60,60,60
Qwen1.5-MoE-A2.7B,17,gate_proj,grouped_g4,60,1408,2048,2883584,2883584,True,1.110,60,60,60,60,60,60
Qwen1.5-MoE-A2.7B,17,gate_proj,grouped_g8,60,1408,2048,2883584,2883584,True,1.110,60,60,60,60,60,60
Qwen1.5-MoE-A2.7B,17,up_proj,global,60,1408,2048,2883584,2883584,True,1.113,60,60,60,60,60,60
Qwen1.5-MoE-A2.7B,17,up_proj,shared_plus_delta,60,1408,2048,2883584,2883584,True,1.113,60,60,60,60,60,60
Qwen1.5-MoE-A2.7B,17,up_proj,grouped_g2,60,1408,2048,2883584,2883584,True,1.113,60,60,60,60,60,60
Qwen1.5-MoE-A2.7B,17,up_proj,grouped_g4,60,1408,2048,2883584,2883584,True,1.113,60,60,60,60,60,60
Qwen1.5-MoE-A2.7B,17,up_proj,grouped_g8,60,1408,2048,2883584,2883584,True,1.113,60,60,60,60,60,60
Qwen1.5-MoE-A2.7B,18,down_proj,global,60,2048,1408,2883584,2883584,True,1.108,60,60,60,60,60,60
Qwen1.5-MoE-A2.7B,18,down_proj,shared_plus_delta,60,2048,1408,2883584,2883584,True,1.108,60,60,60,60,60,60
Qwen1.5-MoE-A2.7B,18,down_proj,grouped_g2,60,2048,1408,2883584,2883584,True,1.108,60,60,60,60,60,60
Qwen1.5-MoE-A2.7B,18,down_proj,grouped_g4,60,2048,1408,2883584,2883584,True,1.108,60,60,60,60,60,60
Qwen1.5-MoE-A2.7B,18,down_proj,grouped_g8,60,2048,1408,2883584,2883584,True,1.108,60,60,60,60,60,60
Qwen1.5-MoE-A2.7B,18,gate_proj,global,60,1408,2048,2883584,2883584,True,1.100,60,60,60,60,60,60
Qwen1.5-MoE-A2.7B,18,gate_proj,shared_plus_delta,60,1408,2048,2883584,2883584,True,1.100,60,60,60,60,60,60
Qwen1.5-MoE-A2.7B,18,gate_proj,grouped_g2,60,1408,2048,2883584,2883584,True,1.100,60,60,60,60,60,60
Qwen1.5-MoE-A2.7B,18,gate_proj,grouped_g4,60,1408,2048,2883584,2883584,True,1.100,60,60,60,60,60,60
Qwen1.5-MoE-A2.7B,18,gate_proj,grouped_g8,60,1408,2048,2883584,2883584,True,1.100,60,60,60,60,60,60
Qwen1.5-MoE-A2.7B,18,up_proj,global,60,1408,2048,2883584,2883584,True,1.102,60,60,60,60,60,60
Qwen1.5-MoE-A2.7B,18,up_proj,shared_plus_delta,60,1408,2048,2883584,2883584,True,1.102,60,60,60,60,60,60
Qwen1.5-MoE-A2.7B,18,up_proj,grouped_g2,60,1408,2048,2883584,2883584,True,1.102,60,60,60,60,60,60
Qwen1.5-MoE-A2.7B,18,up_proj,grouped_g4,60,1408,2048,2883584,2883584,True,1.102,60,60,60,60,60,60
Qwen1.5-MoE-A2.7B,18,up_proj,grouped_g8,60,1408,2048,2883584,2883584,True,1.102,60,60,60,60,60,60
Qwen1.5-MoE-A2.7B,19,down_proj,global,60,2048,1408,2883584,2883584,True,1.098,60,60,60,60,60,60
Qwen1.5-MoE-A2.7B,19,down_proj,shared_plus_delta,60,2048,1408,2883584,2883584,True,1.098,60,60,60,60,60,60
Qwen1.5-MoE-A2.7B,19,down_proj,grouped_g2,60,2048,1408,2883584,2883584,True,1.098,60,60,60,60,60,60
Qwen1.5-MoE-A2.7B,19,down_proj,grouped_g4,60,2048,1408,2883584,2883584,True,1.098,60,60,60,60,60,60
Qwen1.5-MoE-A2.7B,19,down_proj,grouped_g8,60,2048,1408,2883584,2883584,True,1.098,60,60,60,60,60,60
Qwen1.5-MoE-A2.7B,19,gate_proj,global,60,1408,2048,2883584,2883584,True,1.102,60,60,60,60,60,60
Qwen1.5-MoE-A2.7B,19,gate_proj,shared_plus_delta,60,1408,2048,2883584,2883584,True,1.102,60,60,60,60,60,60
Qwen1.5-MoE-A2.7B,19,gate_proj,grouped_g2,60,1408,2048,2883584,2883584,True,1.102,60,60,60,60,60,60
Qwen1.5-MoE-A2.7B,19,gate_proj,grouped_g4,60,1408,2048,2883584,2883584,True,1.102,60,60,60,60,60,60
Qwen1.5-MoE-A2.7B,19,gate_proj,grouped_g8,60,1408,2048,2883584,2883584,True,1.102,60,60,60,60,60,60
Qwen1.5-MoE-A2.7B,19,up_proj,global,60,1408,2048,2883584,2883584,True,1.106,60,60,60,60,60,60
Qwen1.5-MoE-A2.7B,19,up_proj,shared_plus_delta,60,1408,2048,2883584,2883584,True,1.106,60,60,60,60,60,60
Qwen1.5-MoE-A2.7B,19,up_proj,grouped_g2,60,1408,2048,2883584,2883584,True,1.106,60,60,60,60,60,60
Qwen1.5-MoE-A2.7B,19,up_proj,grouped_g4,60,1408,2048,2883584,2883584,True,1.106,60,60,60,60,60,60
Qwen1.5-MoE-A2.7B,19,up_proj,grouped_g8,60,1408,2048,2883584,2883584,True,1.106,60,60,60,60,60,60
Qwen1.5-MoE-A2.7B,20,down_proj,global,60,2048,1408,2883584,2883584,True,1.108,60,60,60,60,60,60
Qwen1.5-MoE-A2.7B,20,down_proj,shared_plus_delta,60,2048,1408,2883584,2883584,True,1.108,60,60,60,60,60,60
Qwen1.5-MoE-A2.7B,20,down_proj,grouped_g2,60,2048,1408,2883584,2883584,True,1.108,60,60,60,60,60,60
Qwen1.5-MoE-A2.7B,20,down_proj,grouped_g4,60,2048,1408,2883584,2883584,True,1.108,60,60,60,60,60,60
Qwen1.5-MoE-A2.7B,20,down_proj,grouped_g8,60,2048,1408,2883584,2883584,True,1.108,60,60,60,60,60,60
Qwen1.5-MoE-A2.7B,20,gate_proj,global,60,1408,2048,2883584,2883584,True,1.133,60,60,60,60,60,60
Qwen1.5-MoE-A2.7B,20,gate_proj,shared_plus_delta,60,1408,2048,2883584,2883584,True,1.133,60,60,60,60,60,60
Qwen1.5-MoE-A2.7B,20,gate_proj,grouped_g2,60,1408,2048,2883584,2883584,True,1.133,60,60,60,60,60,60
Qwen1.5-MoE-A2.7B,20,gate_proj,grouped_g4,60,1408,2048,2883584,2883584,True,1.133,60,60,60,60,60,60
Qwen1.5-MoE-A2.7B,20,gate_proj,grouped_g8,60,1408,2048,2883584,2883584,True,1.133,60,60,60,60,60,60
Qwen1.5-MoE-A2.7B,20,up_proj,global,60,1408,2048,2883584,2883584,True,1.106,60,60,60,60,60,60
Qwen1.5-MoE-A2.7B,20,up_proj,shared_plus_delta,60,1408,2048,2883584,2883584,True,1.106,60,60,60,60,60,60
Qwen1.5-MoE-A2.7B,20,up_proj,grouped_g2,60,1408,2048,2883584,2883584,True,1.106,60,60,60,60,60,60
Qwen1.5-MoE-A2.7B,20,up_proj,grouped_g4,60,1408,2048,2883584,2883584,True,1.106,60,60,60,60,60,60
Qwen1.5-MoE-A2.7B,20,up_proj,grouped_g8,60,1408,2048,2883584,2883584,True,1.106,60,60,60,60,60,60
Qwen1.5-MoE-A2.7B,21,down_proj,global,60,2048,1408,2883584,2883584,True,1.116,60,60,60,60,60,60
Qwen1.5-MoE-A2.7B,21,down_proj,shared_plus_delta,60,2048,1408,2883584,2883584,True,1.116,60,60,60,60,60,60
Qwen1.5-MoE-A2.7B,21,down_proj,grouped_g2,60,2048,1408,2883584,2883584,True,1.116,60,60,60,60,60,60
Qwen1.5-MoE-A2.7B,21,down_proj,grouped_g4,60,2048,1408,2883584,2883584,True,1.116,60,60,60,60,60,60
Qwen1.5-MoE-A2.7B,21,down_proj,grouped_g8,60,2048,1408,2883584,2883584,True,1.116,60,60,60,60,60,60
Qwen1.5-MoE-A2.7B,21,gate_proj,global,60,1408,2048,2883584,2883584,True,1.119,60,60,60,60,60,60
Qwen1.5-MoE-A2.7B,21,gate_proj,shared_plus_delta,60,1408,2048,2883584,2883584,True,1.119,60,60,60,60,60,60
Qwen1.5-MoE-A2.7B,21,gate_proj,grouped_g2,60,1408,2048,2883584,2883584,True,1.119,60,60,60,60,60,60
Qwen1.5-MoE-A2.7B,21,gate_proj,grouped_g4,60,1408,2048,2883584,2883584,True,1.119,60,60,60,60,60,60
Qwen1.5-MoE-A2.7B,21,gate_proj,grouped_g8,60,1408,2048,2883584,2883584,True,1.119,60,60,60,60,60,60
Qwen1.5-MoE-A2.7B,21,up_proj,global,60,1408,2048,2883584,2883584,True,1.102,60,60,60,60,60,60
Qwen1.5-MoE-A2.7B,21,up_proj,shared_plus_delta,60,1408,2048,2883584,2883584,True,1.102,60,60,60,60,60,60
Qwen1.5-MoE-A2.7B,21,up_proj,grouped_g2,60,1408,2048,2883584,2883584,True,1.102,60,60,60,60,60,60
Qwen1.5-MoE-A2.7B,21,up_proj,grouped_g4,60,1408,2048,2883584,2883584,True,1.102,60,60,60,60,60,60
Qwen1.5-MoE-A2.7B,21,up_proj,grouped_g8,60,1408,2048,2883584,2883584,True,1.102,60,60,60,60,60,60
Qwen1.5-MoE-A2.7B,22,down_proj,global,60,2048,1408,2883584,2883584,True,1.106,60,60,60,60,60,60
Qwen1.5-MoE-A2.7B,22,down_proj,shared_plus_delta,60,2048,1408,2883584,2883584,True,1.106,60,60,60,60,60,60
Qwen1.5-MoE-A2.7B,22,down_proj,grouped_g2,60,2048,1408,2883584,2883584,True,1.106,60,60,60,60,60,60
Qwen1.5-MoE-A2.7B,22,down_proj,grouped_g4,60,2048,1408,2883584,2883584,True,1.106,60,60,60,60,60,60
Qwen1.5-MoE-A2.7B,22,down_proj,grouped_g8,60,2048,1408,2883584,2883584,True,1.106,60,60,60,60,60,60
Qwen1.5-MoE-A2.7B,22,gate_proj,global,60,1408,2048,2883584,2883584,True,1.104,60,60,60,60,60,60
Qwen1.5-MoE-A2.7B,22,gate_proj,shared_plus_delta,60,1408,2048,2883584,2883584,True,1.104,60,60,60,60,60,60
Qwen1.5-MoE-A2.7B,22,gate_proj,grouped_g2,60,1408,2048,2883584,2883584,True,1.104,60,60,60,60,60,60
Qwen1.5-MoE-A2.7B,22,gate_proj,grouped_g4,60,1408,2048,2883584,2883584,True,1.104,60,60,60,60,60,60
Qwen1.5-MoE-A2.7B,22,gate_proj,grouped_g8,60,1408,2048,2883584,2883584,True,1.104,60,60,60,60,60,60
Qwen1.5-MoE-A2.7B,22,up_proj,global,60,1408,2048,2883584,2883584,True,1.102,60,60,60,60,60,60
Qwen1.5-MoE-A2.7B,22,up_proj,shared_plus_delta,60,1408,2048,2883584,2883584,True,1.102,60,60,60,60,60,60
Qwen1.5-MoE-A2.7B,22,up_proj,grouped_g2,60,1408,2048,2883584,2883584,True,1.102,60,60,60,60,60,60
Qwen1.5-MoE-A2.7B,22,up_proj,grouped_g4,60,1408,2048,2883584,2883584,True,1.102,60,60,60,60,60,60
Qwen1.5-MoE-A2.7B,22,up_proj,grouped_g8,60,1408,2048,2883584,2883584,True,1.102,60,60,60,60,60,60
Qwen1.5-MoE-A2.7B,23,down_proj,global,60,2048,1408,2883584,2883584,True,1.111,60,60,60,60,60,60
Qwen1.5-MoE-A2.7B,23,down_proj,shared_plus_delta,60,2048,1408,2883584,2883584,True,1.111,60,60,60,60,60,60
Qwen1.5-MoE-A2.7B,23,down_proj,grouped_g2,60,2048,1408,2883584,2883584,True,1.111,60,60,60,60,60,60
Qwen1.5-MoE-A2.7B,23,down_proj,grouped_g4,60,2048,1408,2883584,2883584,True,1.111,60,60,60,60,60,60
Qwen1.5-MoE-A2.7B,23,down_proj,grouped_g8,60,2048,1408,2883584,2883584,True,1.111,60,60,60,60,60,60
Qwen1.5-MoE-A2.7B,23,gate_proj,global,60,1408,2048,2883584,2883584,True,1.130,60,60,60,60,60,60
Qwen1.5-MoE-A2.7B,23,gate_proj,shared_plus_delta,60,1408,2048,2883584,2883584,True,1.130,60,60,60,60,60,60
Qwen1.5-MoE-A2.7B,23,gate_proj,grouped_g2,60,1408,2048,2883584,2883584,True,1.130,60,60,60,60,60,60
Qwen1.5-MoE-A2.7B,23,gate_proj,grouped_g4,60,1408,2048,2883584,2883584,True,1.130,60,60,60,60,60,60
Qwen1.5-MoE-A2.7B,23,gate_proj,grouped_g8,60,1408,2048,2883584,2883584,True,1.130,60,60,60,60,60,60
Qwen1.5-MoE-A2.7B,23,up_proj,global,60,1408,2048,2883584,2883584,True,1.112,60,60,60,60,60,60
Qwen1.5-MoE-A2.7B,23,up_proj,shared_plus_delta,60,1408,2048,2883584,2883584,True,1.112,60,60,60,60,60,60
Qwen1.5-MoE-A2.7B,23,up_proj,grouped_g2,60,1408,2048,2883584,2883584,True,1.112,60,60,60,60,60,60
Qwen1.5-MoE-A2.7B,23,up_proj,grouped_g4,60,1408,2048,2883584,2883584,True,1.112,60,60,60,60,60,60
Qwen1.5-MoE-A2.7B,23,up_proj,grouped_g8,60,1408,2048,2883584,2883584,True,1.112,60,60,60,60,60,60
deepseek-moe-16b-base,1,down_proj,global,64,2048,1408,2883584,2883584,True,1.212,64,64,64,64,64,64
deepseek-moe-16b-base,1,down_proj,shared_plus_delta,64,2048,1408,2883584,2883584,True,1.212,64,64,64,64,64,64
deepseek-moe-16b-base,1,down_proj,grouped_g2,64,2048,1408,2883584,2883584,True,1.212,64,64,64,64,64,64
deepseek-moe-16b-base,1,down_proj,grouped_g4,64,2048,1408,2883584,2883584,True,1.212,64,64,64,64,64,64
deepseek-moe-16b-base,1,down_proj,grouped_g8,64,2048,1408,2883584,2883584,True,1.212,64,64,64,64,64,64
deepseek-moe-16b-base,1,gate_proj,global,64,1408,2048,2883584,2883584,True,1.092,64,64,64,64,64,64
deepseek-moe-16b-base,1,gate_proj,shared_plus_delta,64,1408,2048,2883584,2883584,True,1.092,64,64,64,64,64,64
deepseek-moe-16b-base,1,gate_proj,grouped_g2,64,1408,2048,2883584,2883584,True,1.092,64,64,64,64,64,64
deepseek-moe-16b-base,1,gate_proj,grouped_g4,64,1408,2048,2883584,2883584,True,1.092,64,64,64,64,64,64
deepseek-moe-16b-base,1,gate_proj,grouped_g8,64,1408,2048,2883584,2883584,True,1.092,64,64,64,64,64,64
deepseek-moe-16b-base,1,up_proj,global,64,1408,2048,2883584,2883584,True,1.221,64,64,64,64,64,64
deepseek-moe-16b-base,1,up_proj,shared_plus_delta,64,1408,2048,2883584,2883584,True,1.221,64,64,64,64,64,64
deepseek-moe-16b-base,1,up_proj,grouped_g2,64,1408,2048,2883584,2883584,True,1.221,64,64,64,64,64,64
deepseek-moe-16b-base,1,up_proj,grouped_g4,64,1408,2048,2883584,2883584,True,1.221,64,64,64,64,64,64
deepseek-moe-16b-base,1,up_proj,grouped_g8,64,1408,2048,2883584,2883584,True,1.221,64,64,64,64,64,64
deepseek-moe-16b-base,2,down_proj,global,64,2048,1408,2883584,2883584,True,1.099,64,64,64,64,64,64
deepseek-moe-16b-base,2,down_proj,shared_plus_delta,64,2048,1408,2883584,2883584,True,1.099,64,64,64,64,64,64
deepseek-moe-16b-base,2,down_proj,grouped_g2,64,2048,1408,2883584,2883584,True,1.099,64,64,64,64,64,64
deepseek-moe-16b-base,2,down_proj,grouped_g4,64,2048,1408,2883584,2883584,True,1.099,64,64,64,64,64,64
deepseek-moe-16b-base,2,down_proj,grouped_g8,64,2048,1408,2883584,2883584,True,1.099,64,64,64,64,64,64
deepseek-moe-16b-base,2,gate_proj,global,64,1408,2048,2883584,2883584,True,1.106,64,64,64,64,64,64
deepseek-moe-16b-base,2,gate_proj,shared_plus_delta,64,1408,2048,2883584,2883584,True,1.106,64,64,64,64,64,64
deepseek-moe-16b-base,2,gate_proj,grouped_g2,64,1408,2048,2883584,2883584,True,1.106,64,64,64,64,64,64
deepseek-moe-16b-base,2,gate_proj,grouped_g4,64,1408,2048,2883584,2883584,True,1.106,64,64,64,64,64,64
deepseek-moe-16b-base,2,gate_proj,grouped_g8,64,1408,2048,2883584,2883584,True,1.106,64,64,64,64,64,64
deepseek-moe-16b-base,2,up_proj,global,64,1408,2048,2883584,2883584,True,1.084,64,64,64,64,64,64
deepseek-moe-16b-base,2,up_proj,shared_plus_delta,64,1408,2048,2883584,2883584,True,1.084,64,64,64,64,64,64
deepseek-moe-16b-base,2,up_proj,grouped_g2,64,1408,2048,2883584,2883584,True,1.084,64,64,64,64,64,64
deepseek-moe-16b-base,2,up_proj,grouped_g4,64,1408,2048,2883584,2883584,True,1.084,64,64,64,64,64,64
deepseek-moe-16b-base,2,up_proj,grouped_g8,64,1408,2048,2883584,2883584,True,1.084,64,64,64,64,64,64
deepseek-moe-16b-base,3,down_proj,global,64,2048,1408,2883584,2883584,True,1.081,64,64,64,64,64,64
deepseek-moe-16b-base,3,down_proj,shared_plus_delta,64,2048,1408,2883584,2883584,True,1.081,64,64,64,64,64,64
deepseek-moe-16b-base,3,down_proj,grouped_g2,64,2048,1408,2883584,2883584,True,1.081,64,64,64,64,64,64
deepseek-moe-16b-base,3,down_proj,grouped_g4,64,2048,1408,2883584,2883584,True,1.081,64,64,64,64,64,64
deepseek-moe-16b-base,3,down_proj,grouped_g8,64,2048,1408,2883584,2883584,True,1.081,64,64,64,64,64,64
deepseek-moe-16b-base,3,gate_proj,global,64,1408,2048,2883584,2883584,True,1.111,64,64,64,64,64,64
deepseek-moe-16b-base,3,gate_proj,shared_plus_delta,64,1408,2048,2883584,2883584,True,1.111,64,64,64,64,64,64
deepseek-moe-16b-base,3,gate_proj,grouped_g2,64,1408,2048,2883584,2883584,True,1.111,64,64,64,64,64,64
deepseek-moe-16b-base,3,gate_proj,grouped_g4,64,1408,2048,2883584,2883584,True,1.111,64,64,64,64,64,64
deepseek-moe-16b-base,3,gate_proj,grouped_g8,64,1408,2048,2883584,2883584,True,1.111,64,64,64,64,64,64
deepseek-moe-16b-base,3,up_proj,global,64,1408,2048,2883584,2883584,True,1.080,64,64,64,64,64,64
deepseek-moe-16b-base,3,up_proj,shared_plus_delta,64,1408,2048,2883584,2883584,True,1.080,64,64,64,64,64,64
deepseek-moe-16b-base,3,up_proj,grouped_g2,64,1408,2048,2883584,2883584,True,1.080,64,64,64,64,64,64
deepseek-moe-16b-base,3,up_proj,grouped_g4,64,1408,2048,2883584,2883584,True,1.080,64,64,64,64,64,64
deepseek-moe-16b-base,3,up_proj,grouped_g8,64,1408,2048,2883584,2883584,True,1.080,64,64,64,64,64,64
deepseek-moe-16b-base,4,down_proj,global,64,2048,1408,2883584,2883584,True,1.093,64,64,64,64,64,64
deepseek-moe-16b-base,4,down_proj,shared_plus_delta,64,2048,1408,2883584,2883584,True,1.093,64,64,64,64,64,64
deepseek-moe-16b-base,4,down_proj,grouped_g2,64,2048,1408,2883584,2883584,True,1.093,64,64,64,64,64,64
deepseek-moe-16b-base,4,down_proj,grouped_g4,64,2048,1408,2883584,2883584,True,1.093,64,64,64,64,64,64
deepseek-moe-16b-base,4,down_proj,grouped_g8,64,2048,1408,2883584,2883584,True,1.093,64,64,64,64,64,64
deepseek-moe-16b-base,4,gate_proj,global,64,1408,2048,2883584,2883584,True,1.086,64,64,64,64,64,64
deepseek-moe-16b-base,4,gate_proj,shared_plus_delta,64,1408,2048,2883584,2883584,True,1.086,64,64,64,64,64,64
deepseek-moe-16b-base,4,gate_proj,grouped_g2,64,1408,2048,2883584,2883584,True,1.086,64,64,64,64,64,64
deepseek-moe-16b-base,4,gate_proj,grouped_g4,64,1408,2048,2883584,2883584,True,1.086,64,64,64,64,64,64
deepseek-moe-16b-base,4,gate_proj,grouped_g8,64,1408,2048,2883584,2883584,True,1.086,64,64,64,64,64,64
deepseek-moe-16b-base,4,up_proj,global,64,1408,2048,2883584,2883584,True,1.089,64,64,64,64,64,64
deepseek-moe-16b-base,4,up_proj,shared_plus_delta,64,1408,2048,2883584,2883584,True,1.089,64,64,64,64,64,64
deepseek-moe-16b-base,4,up_proj,grouped_g2,64,1408,2048,2883584,2883584,True,1.089,64,64,64,64,64,64
deepseek-moe-16b-base,4,up_proj,grouped_g4,64,1408,2048,2883584,2883584,True,1.089,64,64,64,64,64,64
deepseek-moe-16b-base,4,up_proj,grouped_g8,64,1408,2048,2883584,2883584,True,1.089,64,64,64,64,64,64
deepseek-moe-16b-base,5,down_proj,global,64,2048,1408,2883584,2883584,True,1.091,64,64,64,64,64,64
deepseek-moe-16b-base,5,down_proj,shared_plus_delta,64,2048,1408,2883584,2883584,True,1.091,64,64,64,64,64,64
deepseek-moe-16b-base,5,down_proj,grouped_g2,64,2048,1408,2883584,2883584,True,1.091,64,64,64,64,64,64
deepseek-moe-16b-base,5,down_proj,grouped_g4,64,2048,1408,2883584,2883584,True,1.091,64,64,64,64,64,64
deepseek-moe-16b-base,5,down_proj,grouped_g8,64,2048,1408,2883584,2883584,True,1.091,64,64,64,64,64,64
deepseek-moe-16b-base,5,gate_proj,global,64,1408,2048,2883584,2883584,True,1.082,64,64,64,64,64,64
deepseek-moe-16b-base,5,gate_proj,shared_plus_delta,64,1408,2048,2883584,2883584,True,1.082,64,64,64,64,64,64
deepseek-moe-16b-base,5,gate_proj,grouped_g2,64,1408,2048,2883584,2883584,True,1.082,64,64,64,64,64,64
deepseek-moe-16b-base,5,gate_proj,grouped_g4,64,1408,2048,2883584,2883584,True,1.082,64,64,64,64,64,64
deepseek-moe-16b-base,5,gate_proj,grouped_g8,64,1408,2048,2883584,2883584,True,1.082,64,64,64,64,64,64
deepseek-moe-16b-base,5,up_proj,global,64,1408,2048,2883584,2883584,True,1.091,64,64,64,64,64,64
deepseek-moe-16b-base,5,up_proj,shared_plus_delta,64,1408,2048,2883584,2883584,True,1.091,64,64,64,64,64,64
deepseek-moe-16b-base,5,up_proj,grouped_g2,64,1408,2048,2883584,2883584,True,1.091,64,64,64,64,64,64
deepseek-moe-16b-base,5,up_proj,grouped_g4,64,1408,2048,2883584,2883584,True,1.091,64,64,64,64,64,64
deepseek-moe-16b-base,5,up_proj,grouped_g8,64,1408,2048,2883584,2883584,True,1.091,64,64,64,64,64,64
deepseek-moe-16b-base,6,down_proj,global,64,2048,1408,2883584,2883584,True,1.091,64,64,64,64,64,64
deepseek-moe-16b-base,6,down_proj,shared_plus_delta,64,2048,1408,2883584,2883584,True,1.091,64,64,64,64,64,64
deepseek-moe-16b-base,6,down_proj,grouped_g2,64,2048,1408,2883584,2883584,True,1.091,64,64,64,64,64,64
deepseek-moe-16b-base,6,down_proj,grouped_g4,64,2048,1408,2883584,2883584,True,1.091,64,64,64,64,64,64
deepseek-moe-16b-base,6,down_proj,grouped_g8,64,2048,1408,2883584,2883584,True,1.091,64,64,64,64,64,64
deepseek-moe-16b-base,6,gate_proj,global,64,1408,2048,2883584,2883584,True,1.090,64,64,64,64,64,64
deepseek-moe-16b-base,6,gate_proj,shared_plus_delta,64,1408,2048,2883584,2883584,True,1.090,64,64,64,64,64,64
deepseek-moe-16b-base,6,gate_proj,grouped_g2,64,1408,2048,2883584,2883584,True,1.090,64,64,64,64,64,64
deepseek-moe-16b-base,6,gate_proj,grouped_g4,64,1408,2048,2883584,2883584,True,1.090,64,64,64,64,64,64
deepseek-moe-16b-base,6,gate_proj,grouped_g8,64,1408,2048,2883584,2883584,True,1.090,64,64,64,64,64,64
deepseek-moe-16b-base,6,up_proj,global,64,1408,2048,2883584,2883584,True,1.078,64,64,64,64,64,64
deepseek-moe-16b-base,6,up_proj,shared_plus_delta,64,1408,2048,2883584,2883584,True,1.078,64,64,64,64,64,64
deepseek-moe-16b-base,6,up_proj,grouped_g2,64,1408,2048,2883584,2883584,True,1.078,64,64,64,64,64,64
deepseek-moe-16b-base,6,up_proj,grouped_g4,64,1408,2048,2883584,2883584,True,1.078,64,64,64,64,64,64
deepseek-moe-16b-base,6,up_proj,grouped_g8,64,1408,2048,2883584,2883584,True,1.078,64,64,64,64,64,64
deepseek-moe-16b-base,7,down_proj,global,64,2048,1408,2883584,2883584,True,1.072,64,64,64,64,64,64
deepseek-moe-16b-base,7,down_proj,shared_plus_delta,64,2048,1408,2883584,2883584,True,1.072,64,64,64,64,64,64
deepseek-moe-16b-base,7,down_proj,grouped_g2,64,2048,1408,2883584,2883584,True,1.072,64,64,64,64,64,64
deepseek-moe-16b-base,7,down_proj,grouped_g4,64,2048,1408,2883584,2883584,True,1.072,64,64,64,64,64,64
deepseek-moe-16b-base,7,down_proj,grouped_g8,64,2048,1408,2883584,2883584,True,1.072,64,64,64,64,64,64
deepseek-moe-16b-base,7,gate_proj,global,64,1408,2048,2883584,2883584,True,1.076,64,64,64,64,64,64
deepseek-moe-16b-base,7,gate_proj,shared_plus_delta,64,1408,2048,2883584,2883584,True,1.076,64,64,64,64,64,64
deepseek-moe-16b-base,7,gate_proj,grouped_g2,64,1408,2048,2883584,2883584,True,1.076,64,64,64,64,64,64
deepseek-moe-16b-base,7,gate_proj,grouped_g4,64,1408,2048,2883584,2883584,True,1.076,64,64,64,64,64,64
deepseek-moe-16b-base,7,gate_proj,grouped_g8,64,1408,2048,2883584,2883584,True,1.076,64,64,64,64,64,64
deepseek-moe-16b-base,7,up_proj,global,64,1408,2048,2883584,2883584,True,1.075,64,64,64,64,64,64
deepseek-moe-16b-base,7,up_proj,shared_plus_delta,64,1408,2048,2883584,2883584,True,1.075,64,64,64,64,64,64
deepseek-moe-16b-base,7,up_proj,grouped_g2,64,1408,2048,2883584,2883584,True,1.075,64,64,64,64,64,64
deepseek-moe-16b-base,7,up_proj,grouped_g4,64,1408,2048,2883584,2883584,True,1.075,64,64,64,64,64,64
deepseek-moe-16b-base,7,up_proj,grouped_g8,64,1408,2048,2883584,2883584,True,1.075,64,64,64,64,64,64
deepseek-moe-16b-base,8,down_proj,global,64,2048,1408,2883584,2883584,True,1.077,64,64,64,64,64,64
deepseek-moe-16b-base,8,down_proj,shared_plus_delta,64,2048,1408,2883584,2883584,True,1.077,64,64,64,64,64,64
deepseek-moe-16b-base,8,down_proj,grouped_g2,64,2048,1408,2883584,2883584,True,1.077,64,64,64,64,64,64
deepseek-moe-16b-base,8,down_proj,grouped_g4,64,2048,1408,2883584,2883584,True,1.077,64,64,64,64,64,64
deepseek-moe-16b-base,8,down_proj,grouped_g8,64,2048,1408,2883584,2883584,True,1.077,64,64,64,64,64,64
deepseek-moe-16b-base,8,gate_proj,global,64,1408,2048,2883584,2883584,True,1.083,64,64,64,64,64,64
deepseek-moe-16b-base,8,gate_proj,shared_plus_delta,64,1408,2048,2883584,2883584,True,1.083,64,64,64,64,64,64
deepseek-moe-16b-base,8,gate_proj,grouped_g2,64,1408,2048,2883584,2883584,True,1.083,64,64,64,64,64,64
deepseek-moe-16b-base,8,gate_proj,grouped_g4,64,1408,2048,2883584,2883584,True,1.083,64,64,64,64,64,64
deepseek-moe-16b-base,8,gate_proj,grouped_g8,64,1408,2048,2883584,2883584,True,1.083,64,64,64,64,64,64
deepseek-moe-16b-base,8,up_proj,global,64,1408,2048,2883584,2883584,True,1.078,64,64,64,64,64,64
deepseek-moe-16b-base,8,up_proj,shared_plus_delta,64,1408,2048,2883584,2883584,True,1.078,64,64,64,64,64,64
deepseek-moe-16b-base,8,up_proj,grouped_g2,64,1408,2048,2883584,2883584,True,1.078,64,64,64,64,64,64
deepseek-moe-16b-base,8,up_proj,grouped_g4,64,1408,2048,2883584,2883584,True,1.078,64,64,64,64,64,64
deepseek-moe-16b-base,8,up_proj,grouped_g8,64,1408,2048,2883584,2883584,True,1.078,64,64,64,64,64,64
deepseek-moe-16b-base,9,down_proj,global,64,2048,1408,2883584,2883584,True,1.070,64,64,64,64,64,64
deepseek-moe-16b-base,9,down_proj,shared_plus_delta,64,2048,1408,2883584,2883584,True,1.070,64,64,64,64,64,64
deepseek-moe-16b-base,9,down_proj,grouped_g2,64,2048,1408,2883584,2883584,True,1.070,64,64,64,64,64,64
deepseek-moe-16b-base,9,down_proj,grouped_g4,64,2048,1408,2883584,2883584,True,1.070,64,64,64,64,64,64
deepseek-moe-16b-base,9,down_proj,grouped_g8,64,2048,1408,2883584,2883584,True,1.070,64,64,64,64,64,64
deepseek-moe-16b-base,9,gate_proj,global,64,1408,2048,2883584,2883584,True,1.079,64,64,64,64,64,64
deepseek-moe-16b-base,9,gate_proj,shared_plus_delta,64,1408,2048,2883584,2883584,True,1.079,64,64,64,64,64,64
deepseek-moe-16b-base,9,gate_proj,grouped_g2,64,1408,2048,2883584,2883584,True,1.079,64,64,64,64,64,64
deepseek-moe-16b-base,9,gate_proj,grouped_g4,64,1408,2048,2883584,2883584,True,1.079,64,64,64,64,64,64
deepseek-moe-16b-base,9,gate_proj,grouped_g8,64,1408,2048,2883584,2883584,True,1.079,64,64,64,64,64,64
deepseek-moe-16b-base,9,up_proj,global,64,1408,2048,2883584,2883584,True,1.071,64,64,64,64,64,64
deepseek-moe-16b-base,9,up_proj,shared_plus_delta,64,1408,2048,2883584,2883584,True,1.071,64,64,64,64,64,64
deepseek-moe-16b-base,9,up_proj,grouped_g2,64,1408,2048,2883584,2883584,True,1.071,64,64,64,64,64,64
deepseek-moe-16b-base,9,up_proj,grouped_g4,64,1408,2048,2883584,2883584,True,1.071,64,64,64,64,64,64
deepseek-moe-16b-base,9,up_proj,grouped_g8,64,1408,2048,2883584,2883584,True,1.071,64,64,64,64,64,64
deepseek-moe-16b-base,10,down_proj,global,64,2048,1408,2883584,2883584,True,1.076,64,64,64,64,64,64
deepseek-moe-16b-base,10,down_proj,shared_plus_delta,64,2048,1408,2883584,2883584,True,1.076,64,64,64,64,64,64
deepseek-moe-16b-base,10,down_proj,grouped_g2,64,2048,1408,2883584,2883584,True,1.076,64,64,64,64,64,64
deepseek-moe-16b-base,10,down_proj,grouped_g4,64,2048,1408,2883584,2883584,True,1.076,64,64,64,64,64,64
deepseek-moe-16b-base,10,down_proj,grouped_g8,64,2048,1408,2883584,2883584,True,1.076,64,64,64,64,64,64
deepseek-moe-16b-base,10,gate_proj,global,64,1408,2048,2883584,2883584,True,1.071,64,64,64,64,64,64
deepseek-moe-16b-base,10,gate_proj,shared_plus_delta,64,1408,2048,2883584,2883584,True,1.071,64,64,64,64,64,64
deepseek-moe-16b-base,10,gate_proj,grouped_g2,64,1408,2048,2883584,2883584,True,1.071,64,64,64,64,64,64
deepseek-moe-16b-base,10,gate_proj,grouped_g4,64,1408,2048,2883584,2883584,True,1.071,64,64,64,64,64,64
deepseek-moe-16b-base,10,gate_proj,grouped_g8,64,1408,2048,2883584,2883584,True,1.071,64,64,64,64,64,64
deepseek-moe-16b-base,10,up_proj,global,64,1408,2048,2883584,2883584,True,1.078,64,64,64,64,64,64
deepseek-moe-16b-base,10,up_proj,shared_plus_delta,64,1408,2048,2883584,2883584,True,1.078,64,64,64,64,64,64
deepseek-moe-16b-base,10,up_proj,grouped_g2,64,1408,2048,2883584,2883584,True,1.078,64,64,64,64,64,64
deepseek-moe-16b-base,10,up_proj,grouped_g4,64,1408,2048,2883584,2883584,True,1.078,64,64,64,64,64,64
deepseek-moe-16b-base,10,up_proj,grouped_g8,64,1408,2048,2883584,2883584,True,1.078,64,64,64,64,64,64
deepseek-moe-16b-base,11,down_proj,global,64,2048,1408,2883584,2883584,True,1.086,64,64,64,64,64,64
deepseek-moe-16b-base,11,down_proj,shared_plus_delta,64,2048,1408,2883584,2883584,True,1.086,64,64,64,64,64,64
deepseek-moe-16b-base,11,down_proj,grouped_g2,64,2048,1408,2883584,2883584,True,1.086,64,64,64,64,64,64
deepseek-moe-16b-base,11,down_proj,grouped_g4,64,2048,1408,2883584,2883584,True,1.086,64,64,64,64,64,64
deepseek-moe-16b-base,11,down_proj,grouped_g8,64,2048,1408,2883584,2883584,True,1.086,64,64,64,64,64,64
deepseek-moe-16b-base,11,gate_proj,global,64,1408,2048,2883584,2883584,True,1.076,64,64,64,64,64,64
deepseek-moe-16b-base,11,gate_proj,shared_plus_delta,64,1408,2048,2883584,2883584,True,1.076,64,64,64,64,64,64
deepseek-moe-16b-base,11,gate_proj,grouped_g2,64,1408,2048,2883584,2883584,True,1.076,64,64,64,64,64,64
deepseek-moe-16b-base,11,gate_proj,grouped_g4,64,1408,2048,2883584,2883584,True,1.076,64,64,64,64,64,64
deepseek-moe-16b-base,11,gate_proj,grouped_g8,64,1408,2048,2883584,2883584,True,1.076,64,64,64,64,64,64
deepseek-moe-16b-base,11,up_proj,global,64,1408,2048,2883584,2883584,True,1.075,64,64,64,64,64,64
deepseek-moe-16b-base,11,up_proj,shared_plus_delta,64,1408,2048,2883584,2883584,True,1.075,64,64,64,64,64,64
deepseek-moe-16b-base,11,up_proj,grouped_g2,64,1408,2048,2883584,2883584,True,1.075,64,64,64,64,64,64
deepseek-moe-16b-base,11,up_proj,grouped_g4,64,1408,2048,2883584,2883584,True,1.075,64,64,64,64,64,64
deepseek-moe-16b-base,11,up_proj,grouped_g8,64,1408,2048,2883584,2883584,True,1.075,64,64,64,64,64,64
deepseek-moe-16b-base,12,down_proj,global,64,2048,1408,2883584,2883584,True,1.070,64,64,64,64,64,64
deepseek-moe-16b-base,12,down_proj,shared_plus_delta,64,2048,1408,2883584,2883584,True,1.070,64,64,64,64,64,64
deepseek-moe-16b-base,12,down_proj,grouped_g2,64,2048,1408,2883584,2883584,True,1.070,64,64,64,64,64,64
deepseek-moe-16b-base,12,down_proj,grouped_g4,64,2048,1408,2883584,2883584,True,1.070,64,64,64,64,64,64
deepseek-moe-16b-base,12,down_proj,grouped_g8,64,2048,1408,2883584,2883584,True,1.070,64,64,64,64,64,64
deepseek-moe-16b-base,12,gate_proj,global,64,1408,2048,2883584,2883584,True,1.074,64,64,64,64,64,64
deepseek-moe-16b-base,12,gate_proj,shared_plus_delta,64,1408,2048,2883584,2883584,True,1.074,64,64,64,64,64,64
deepseek-moe-16b-base,12,gate_proj,grouped_g2,64,1408,2048,2883584,2883584,True,1.074,64,64,64,64,64,64
deepseek-moe-16b-base,12,gate_proj,grouped_g4,64,1408,2048,2883584,2883584,True,1.074,64,64,64,64,64,64
deepseek-moe-16b-base,12,gate_proj,grouped_g8,64,1408,2048,2883584,2883584,True,1.074,64,64,64,64,64,64
deepseek-moe-16b-base,12,up_proj,global,64,1408,2048,2883584,2883584,True,1.075,64,64,64,64,64,64
deepseek-moe-16b-base,12,up_proj,shared_plus_delta,64,1408,2048,2883584,2883584,True,1.075,64,64,64,64,64,64
deepseek-moe-16b-base,12,up_proj,grouped_g2,64,1408,2048,2883584,2883584,True,1.075,64,64,64,64,64,64
deepseek-moe-16b-base,12,up_proj,grouped_g4,64,1408,2048,2883584,2883584,True,1.075,64,64,64,64,64,64
deepseek-moe-16b-base,12,up_proj,grouped_g8,64,1408,2048,2883584,2883584,True,1.075,64,64,64,64,64,64
deepseek-moe-16b-base,13,down_proj,global,64,2048,1408,2883584,2883584,True,1.071,64,64,64,64,64,64
deepseek-moe-16b-base,13,down_proj,shared_plus_delta,64,2048,1408,2883584,2883584,True,1.071,64,64,64,64,64,64
deepseek-moe-16b-base,13,down_proj,grouped_g2,64,2048,1408,2883584,2883584,True,1.071,64,64,64,64,64,64
deepseek-moe-16b-base,13,down_proj,grouped_g4,64,2048,1408,2883584,2883584,True,1.071,64,64,64,64,64,64
deepseek-moe-16b-base,13,down_proj,grouped_g8,64,2048,1408,2883584,2883584,True,1.071,64,64,64,64,64,64
deepseek-moe-16b-base,13,gate_proj,global,64,1408,2048,2883584,2883584,True,1.069,64,64,64,64,64,64
deepseek-moe-16b-base,13,gate_proj,shared_plus_delta,64,1408,2048,2883584,2883584,True,1.069,64,64,64,64,64,64
deepseek-moe-16b-base,13,gate_proj,grouped_g2,64,1408,2048,2883584,2883584,True,1.069,64,64,64,64,64,64
deepseek-moe-16b-base,13,gate_proj,grouped_g4,64,1408,2048,2883584,2883584,True,1.069,64,64,64,64,64,64
deepseek-moe-16b-base,13,gate_proj,grouped_g8,64,1408,2048,2883584,2883584,True,1.069,64,64,64,64,64,64
deepseek-moe-16b-base,13,up_proj,global,64,1408,2048,2883584,2883584,True,1.073,64,64,64,64,64,64
deepseek-moe-16b-base,13,up_proj,shared_plus_delta,64,1408,2048,2883584,2883584,True,1.073,64,64,64,64,64,64
deepseek-moe-16b-base,13,up_proj,grouped_g2,64,1408,2048,2883584,2883584,True,1.073,64,64,64,64,64,64
deepseek-moe-16b-base,13,up_proj,grouped_g4,64,1408,2048,2883584,2883584,True,1.073,64,64,64,64,64,64
deepseek-moe-16b-base,13,up_proj,grouped_g8,64,1408,2048,2883584,2883584,True,1.073,64,64,64,64,64,64
deepseek-moe-16b-base,14,down_proj,global,64,2048,1408,2883584,2883584,True,1.067,64,64,64,64,64,64
deepseek-moe-16b-base,14,down_proj,shared_plus_delta,64,2048,1408,2883584,2883584,True,1.067,64,64,64,64,64,64
deepseek-moe-16b-base,14,down_proj,grouped_g2,64,2048,1408,2883584,2883584,True,1.067,64,64,64,64,64,64
deepseek-moe-16b-base,14,down_proj,grouped_g4,64,2048,1408,2883584,2883584,True,1.067,64,64,64,64,64,64
deepseek-moe-16b-base,14,down_proj,grouped_g8,64,2048,1408,2883584,2883584,True,1.067,64,64,64,64,64,64
deepseek-moe-16b-base,14,gate_proj,global,64,1408,2048,2883584,2883584,True,1.094,64,64,64,64,64,64
deepseek-moe-16b-base,14,gate_proj,shared_plus_delta,64,1408,2048,2883584,2883584,True,1.094,64,64,64,64,64,64
deepseek-moe-16b-base,14,gate_proj,grouped_g2,64,1408,2048,2883584,2883584,True,1.094,64,64,64,64,64,64
deepseek-moe-16b-base,14,gate_proj,grouped_g4,64,1408,2048,2883584,2883584,True,1.094,64,64,64,64,64,64
deepseek-moe-16b-base,14,gate_proj,grouped_g8,64,1408,2048,2883584,2883584,True,1.094,64,64,64,64,64,64
deepseek-moe-16b-base,14,up_proj,global,64,1408,2048,2883584,2883584,True,1.086,64,64,64,64,64,64
deepseek-moe-16b-base,14,up_proj,shared_plus_delta,64,1408,2048,2883584,2883584,True,1.086,64,64,64,64,64,64
deepseek-moe-16b-base,14,up_proj,grouped_g2,64,1408,2048,2883584,2883584,True,1.086,64,64,64,64,64,64
deepseek-moe-16b-base,14,up_proj,grouped_g4,64,1408,2048,2883584,2883584,True,1.086,64,64,64,64,64,64
deepseek-moe-16b-base,14,up_proj,grouped_g8,64,1408,2048,2883584,2883584,True,1.086,64,64,64,64,64,64
deepseek-moe-16b-base,15,down_proj,global,64,2048,1408,2883584,2883584,True,1.090,64,64,64,64,64,64
deepseek-moe-16b-base,15,down_proj,shared_plus_delta,64,2048,1408,2883584,2883584,True,1.090,64,64,64,64,64,64
deepseek-moe-16b-base,15,down_proj,grouped_g2,64,2048,1408,2883584,2883584,True,1.090,64,64,64,64,64,64
deepseek-moe-16b-base,15,down_proj,grouped_g4,64,2048,1408,2883584,2883584,True,1.090,64,64,64,64,64,64
deepseek-moe-16b-base,15,down_proj,grouped_g8,64,2048,1408,2883584,2883584,True,1.090,64,64,64,64,64,64
deepseek-moe-16b-base,15,gate_proj,global,64,1408,2048,2883584,2883584,True,1.092,64,64,64,64,64,64
deepseek-moe-16b-base,15,gate_proj,shared_plus_delta,64,1408,2048,2883584,2883584,True,1.092,64,64,64,64,64,64
deepseek-moe-16b-base,15,gate_proj,grouped_g2,64,1408,2048,2883584,2883584,True,1.092,64,64,64,64,64,64
deepseek-moe-16b-base,15,gate_proj,grouped_g4,64,1408,2048,2883584,2883584,True,1.092,64,64,64,64,64,64
deepseek-moe-16b-base,15,gate_proj,grouped_g8,64,1408,2048,2883584,2883584,True,1.092,64,64,64,64,64,64
deepseek-moe-16b-base,15,up_proj,global,64,1408,2048,2883584,2883584,True,1.088,64,64,64,64,64,64
deepseek-moe-16b-base,15,up_proj,shared_plus_delta,64,1408,2048,2883584,2883584,True,1.088,64,64,64,64,64,64
deepseek-moe-16b-base,15,up_proj,grouped_g2,64,1408,2048,2883584,2883584,True,1.088,64,64,64,64,64,64
deepseek-moe-16b-base,15,up_proj,grouped_g4,64,1408,2048,2883584,2883584,True,1.088,64,64,64,64,64,64
deepseek-moe-16b-base,15,up_proj,grouped_g8,64,1408,2048,2883584,2883584,True,1.088,64,64,64,64,64,64
deepseek-moe-16b-base,16,down_proj,global,64,2048,1408,2883584,2883584,True,1.089,64,64,64,64,64,64
deepseek-moe-16b-base,16,down_proj,shared_plus_delta,64,2048,1408,2883584,2883584,True,1.089,64,64,64,64,64,64
deepseek-moe-16b-base,16,down_proj,grouped_g2,64,2048,1408,2883584,2883584,True,1.089,64,64,64,64,64,64
deepseek-moe-16b-base,16,down_proj,grouped_g4,64,2048,1408,2883584,2883584,True,1.089,64,64,64,64,64,64
deepseek-moe-16b-base,16,down_proj,grouped_g8,64,2048,1408,2883584,2883584,True,1.089,64,64,64,64,64,64
deepseek-moe-16b-base,16,gate_proj,global,64,1408,2048,2883584,2883584,True,1.087,64,64,64,64,64,64
deepseek-moe-16b-base,16,gate_proj,shared_plus_delta,64,1408,2048,2883584,2883584,True,1.087,64,64,64,64,64,64
deepseek-moe-16b-base,16,gate_proj,grouped_g2,64,1408,2048,2883584,2883584,True,1.087,64,64,64,64,64,64
deepseek-moe-16b-base,16,gate_proj,grouped_g4,64,1408,2048,2883584,2883584,True,1.087,64,64,64,64,64,64
deepseek-moe-16b-base,16,gate_proj,grouped_g8,64,1408,2048,2883584,2883584,True,1.087,64,64,64,64,64,64
deepseek-moe-16b-base,16,up_proj,global,64,1408,2048,2883584,2883584,True,1.085,64,64,64,64,64,64
deepseek-moe-16b-base,16,up_proj,shared_plus_delta,64,1408,2048,2883584,2883584,True,1.085,64,64,64,64,64,64
deepseek-moe-16b-base,16,up_proj,grouped_g2,64,1408,2048,2883584,2883584,True,1.085,64,64,64,64,64,64
deepseek-moe-16b-base,16,up_proj,grouped_g4,64,1408,2048,2883584,2883584,True,1.085,64,64,64,64,64,64
deepseek-moe-16b-base,16,up_proj,grouped_g8,64,1408,2048,2883584,2883584,True,1.085,64,64,64,64,64,64
deepseek-moe-16b-base,17,down_proj,global,64,2048,1408,2883584,2883584,True,1.070,64,64,64,64,64,64
deepseek-moe-16b-base,17,down_proj,shared_plus_delta,64,2048,1408,2883584,2883584,True,1.070,64,64,64,64,64,64
deepseek-moe-16b-base,17,down_proj,grouped_g2,64,2048,1408,2883584,2883584,True,1.070,64,64,64,64,64,64
deepseek-moe-16b-base,17,down_proj,grouped_g4,64,2048,1408,2883584,2883584,True,1.070,64,64,64,64,64,64
deepseek-moe-16b-base,17,down_proj,grouped_g8,64,2048,1408,2883584,2883584,True,1.070,64,64,64,64,64,64
deepseek-moe-16b-base,17,gate_proj,global,64,1408,2048,2883584,2883584,True,1.077,64,64,64,64,64,64
deepseek-moe-16b-base,17,gate_proj,shared_plus_delta,64,1408,2048,2883584,2883584,True,1.077,64,64,64,64,64,64
deepseek-moe-16b-base,17,gate_proj,grouped_g2,64,1408,2048,2883584,2883584,True,1.077,64,64,64,64,64,64
deepseek-moe-16b-base,17,gate_proj,grouped_g4,64,1408,2048,2883584,2883584,True,1.077,64,64,64,64,64,64
deepseek-moe-16b-base,17,gate_proj,grouped_g8,64,1408,2048,2883584,2883584,True,1.077,64,64,64,64,64,64
deepseek-moe-16b-base,17,up_proj,global,64,1408,2048,2883584,2883584,True,1.072,64,64,64,64,64,64
deepseek-moe-16b-base,17,up_proj,shared_plus_delta,64,1408,2048,2883584,2883584,True,1.072,64,64,64,64,64,64
deepseek-moe-16b-base,17,up_proj,grouped_g2,64,1408,2048,2883584,2883584,True,1.072,64,64,64,64,64,64
deepseek-moe-16b-base,17,up_proj,grouped_g4,64,1408,2048,2883584,2883584,True,1.072,64,64,64,64,64,64
deepseek-moe-16b-base,17,up_proj,grouped_g8,64,1408,2048,2883584,2883584,True,1.072,64,64,64,64,64,64
deepseek-moe-16b-base,18,down_proj,global,64,2048,1408,2883584,2883584,True,1.084,64,64,64,64,64,64
deepseek-moe-16b-base,18,down_proj,shared_plus_delta,64,2048,1408,2883584,2883584,True,1.084,64,64,64,64,64,64
deepseek-moe-16b-base,18,down_proj,grouped_g2,64,2048,1408,2883584,2883584,True,1.084,64,64,64,64,64,64
deepseek-moe-16b-base,18,down_proj,grouped_g4,64,2048,1408,2883584,2883584,True,1.084,64,64,64,64,64,64
deepseek-moe-16b-base,18,down_proj,grouped_g8,64,2048,1408,2883584,2883584,True,1.084,64,64,64,64,64,64
deepseek-moe-16b-base,18,gate_proj,global,64,1408,2048,2883584,2883584,True,1.071,64,64,64,64,64,64
deepseek-moe-16b-base,18,gate_proj,shared_plus_delta,64,1408,2048,2883584,2883584,True,1.071,64,64,64,64,64,64
deepseek-moe-16b-base,18,gate_proj,grouped_g2,64,1408,2048,2883584,2883584,True,1.071,64,64,64,64,64,64
deepseek-moe-16b-base,18,gate_proj,grouped_g4,64,1408,2048,2883584,2883584,True,1.071,64,64,64,64,64,64
deepseek-moe-16b-base,18,gate_proj,grouped_g8,64,1408,2048,2883584,2883584,True,1.071,64,64,64,64,64,64
deepseek-moe-16b-base,18,up_proj,global,64,1408,2048,2883584,2883584,True,1.089,64,64,64,64,64,64
deepseek-moe-16b-base,18,up_proj,shared_plus_delta,64,1408,2048,2883584,2883584,True,1.089,64,64,64,64,64,64
deepseek-moe-16b-base,18,up_proj,grouped_g2,64,1408,2048,2883584,2883584,True,1.089,64,64,64,64,64,64
deepseek-moe-16b-base,18,up_proj,grouped_g4,64,1408,2048,2883584,2883584,True,1.089,64,64,64,64,64,64
deepseek-moe-16b-base,18,up_proj,grouped_g8,64,1408,2048,2883584,2883584,True,1.089,64,64,64,64,64,64
deepseek-moe-16b-base,19,down_proj,global,64,2048,1408,2883584,2883584,True,1.073,64,64,64,64,64,64
deepseek-moe-16b-base,19,down_proj,shared_plus_delta,64,2048,1408,2883584,2883584,True,1.073,64,64,64,64,64,64
deepseek-moe-16b-base,19,down_proj,grouped_g2,64,2048,1408,2883584,2883584,True,1.073,64,64,64,64,64,64
deepseek-moe-16b-base,19,down_proj,grouped_g4,64,2048,1408,2883584,2883584,True,1.073,64,64,64,64,64,64
deepseek-moe-16b-base,19,down_proj,grouped_g8,64,2048,1408,2883584,2883584,True,1.073,64,64,64,64,64,64
deepseek-moe-16b-base,19,gate_proj,global,64,1408,2048,2883584,2883584,True,1.079,64,64,64,64,64,64
deepseek-moe-16b-base,19,gate_proj,shared_plus_delta,64,1408,2048,2883584,2883584,True,1.079,64,64,64,64,64,64
deepseek-moe-16b-base,19,gate_proj,grouped_g2,64,1408,2048,2883584,2883584,True,1.079,64,64,64,64,64,64
deepseek-moe-16b-base,19,gate_proj,grouped_g4,64,1408,2048,2883584,2883584,True,1.079,64,64,64,64,64,64
deepseek-moe-16b-base,19,gate_proj,grouped_g8,64,1408,2048,2883584,2883584,True,1.079,64,64,64,64,64,64
deepseek-moe-16b-base,19,up_proj,global,64,1408,2048,2883584,2883584,True,1.076,64,64,64,64,64,64
deepseek-moe-16b-base,19,up_proj,shared_plus_delta,64,1408,2048,2883584,2883584,True,1.076,64,64,64,64,64,64
deepseek-moe-16b-base,19,up_proj,grouped_g2,64,1408,2048,2883584,2883584,True,1.076,64,64,64,64,64,64
deepseek-moe-16b-base,19,up_proj,grouped_g4,64,1408,2048,2883584,2883584,True,1.076,64,64,64,64,64,64
deepseek-moe-16b-base,19,up_proj,grouped_g8,64,1408,2048,2883584,2883584,True,1.076,64,64,64,64,64,64
deepseek-moe-16b-base,20,down_proj,global,64,2048,1408,2883584,2883584,True,1.092,64,64,64,64,64,64
deepseek-moe-16b-base,20,down_proj,shared_plus_delta,64,2048,1408,2883584,2883584,True,1.092,64,64,64,64,64,64
deepseek-moe-16b-base,20,down_proj,grouped_g2,64,2048,1408,2883584,2883584,True,1.092,64,64,64,64,64,64
deepseek-moe-16b-base,20,down_proj,grouped_g4,64,2048,1408,2883584,2883584,True,1.092,64,64,64,64,64,64
deepseek-moe-16b-base,20,down_proj,grouped_g8,64,2048,1408,2883584,2883584,True,1.092,64,64,64,64,64,64
deepseek-moe-16b-base,20,gate_proj,global,64,1408,2048,2883584,2883584,True,1.086,64,64,64,64,64,64
deepseek-moe-16b-base,20,gate_proj,shared_plus_delta,64,1408,2048,2883584,2883584,True,1.086,64,64,64,64,64,64
deepseek-moe-16b-base,20,gate_proj,grouped_g2,64,1408,2048,2883584,2883584,True,1.086,64,64,64,64,64,64
deepseek-moe-16b-base,20,gate_proj,grouped_g4,64,1408,2048,2883584,2883584,True,1.086,64,64,64,64,64,64
deepseek-moe-16b-base,20,gate_proj,grouped_g8,64,1408,2048,2883584,2883584,True,1.086,64,64,64,64,64,64
deepseek-moe-16b-base,20,up_proj,global,64,1408,2048,2883584,2883584,True,1.092,64,64,64,64,64,64
deepseek-moe-16b-base,20,up_proj,shared_plus_delta,64,1408,2048,2883584,2883584,True,1.092,64,64,64,64,64,64
deepseek-moe-16b-base,20,up_proj,grouped_g2,64,1408,2048,2883584,2883584,True,1.092,64,64,64,64,64,64
deepseek-moe-16b-base,20,up_proj,grouped_g4,64,1408,2048,2883584,2883584,True,1.092,64,64,64,64,64,64
deepseek-moe-16b-base,20,up_proj,grouped_g8,64,1408,2048,2883584,2883584,True,1.092,64,64,64,64,64,64
deepseek-moe-16b-base,21,down_proj,global,64,2048,1408,2883584,2883584,True,1.088,64,64,64,64,64,64
deepseek-moe-16b-base,21,down_proj,shared_plus_delta,64,2048,1408,2883584,2883584,True,1.088,64,64,64,64,64,64
deepseek-moe-16b-base,21,down_proj,grouped_g2,64,2048,1408,2883584,2883584,True,1.088,64,64,64,64,64,64
deepseek-moe-16b-base,21,down_proj,grouped_g4,64,2048,1408,2883584,2883584,True,1.088,64,64,64,64,64,64
deepseek-moe-16b-base,21,down_proj,grouped_g8,64,2048,1408,2883584,2883584,True,1.088,64,64,64,64,64,64
deepseek-moe-16b-base,21,gate_proj,global,64,1408,2048,2883584,2883584,True,1.079,64,64,64,64,64,64
deepseek-moe-16b-base,21,gate_proj,shared_plus_delta,64,1408,2048,2883584,2883584,True,1.079,64,64,64,64,64,64
deepseek-moe-16b-base,21,gate_proj,grouped_g2,64,1408,2048,2883584,2883584,True,1.079,64,64,64,64,64,64
deepseek-moe-16b-base,21,gate_proj,grouped_g4,64,1408,2048,2883584,2883584,True,1.079,64,64,64,64,64,64
deepseek-moe-16b-base,21,gate_proj,grouped_g8,64,1408,2048,2883584,2883584,True,1.079,64,64,64,64,64,64
deepseek-moe-16b-base,21,up_proj,global,64,1408,2048,2883584,2883584,True,1.084,64,64,64,64,64,64
deepseek-moe-16b-base,21,up_proj,shared_plus_delta,64,1408,2048,2883584,2883584,True,1.084,64,64,64,64,64,64
deepseek-moe-16b-base,21,up_proj,grouped_g2,64,1408,2048,2883584,2883584,True,1.084,64,64,64,64,64,64
deepseek-moe-16b-base,21,up_proj,grouped_g4,64,1408,2048,2883584,2883584,True,1.084,64,64,64,64,64,64
deepseek-moe-16b-base,21,up_proj,grouped_g8,64,1408,2048,2883584,2883584,True,1.084,64,64,64,64,64,64
deepseek-moe-16b-base,22,down_proj,global,64,2048,1408,2883584,2883584,True,1.090,64,64,64,64,64,64
deepseek-moe-16b-base,22,down_proj,shared_plus_delta,64,2048,1408,2883584,2883584,True,1.090,64,64,64,64,64,64
deepseek-moe-16b-base,22,down_proj,grouped_g2,64,2048,1408,2883584,2883584,True,1.090,64,64,64,64,64,64
deepseek-moe-16b-base,22,down_proj,grouped_g4,64,2048,1408,2883584,2883584,True,1.090,64,64,64,64,64,64
deepseek-moe-16b-base,22,down_proj,grouped_g8,64,2048,1408,2883584,2883584,True,1.090,64,64,64,64,64,64
deepseek-moe-16b-base,22,gate_proj,global,64,1408,2048,2883584,2883584,True,1.084,64,64,64,64,64,64
deepseek-moe-16b-base,22,gate_proj,shared_plus_delta,64,1408,2048,2883584,2883584,True,1.084,64,64,64,64,64,64
deepseek-moe-16b-base,22,gate_proj,grouped_g2,64,1408,2048,2883584,2883584,True,1.084,64,64,64,64,64,64
deepseek-moe-16b-base,22,gate_proj,grouped_g4,64,1408,2048,2883584,2883584,True,1.084,64,64,64,64,64,64
deepseek-moe-16b-base,22,gate_proj,grouped_g8,64,1408,2048,2883584,2883584,True,1.084,64,64,64,64,64,64
deepseek-moe-16b-base,22,up_proj,global,64,1408,2048,2883584,2883584,True,1.082,64,64,64,64,64,64
deepseek-moe-16b-base,22,up_proj,shared_plus_delta,64,1408,2048,2883584,2883584,True,1.082,64,64,64,64,64,64
deepseek-moe-16b-base,22,up_proj,grouped_g2,64,1408,2048,2883584,2883584,True,1.082,64,64,64,64,64,64
deepseek-moe-16b-base,22,up_proj,grouped_g4,64,1408,2048,2883584,2883584,True,1.082,64,64,64,64,64,64
deepseek-moe-16b-base,22,up_proj,grouped_g8,64,1408,2048,2883584,2883584,True,1.082,64,64,64,64,64,64
deepseek-moe-16b-base,23,down_proj,global,64,2048,1408,2883584,2883584,True,1.088,64,64,64,64,64,64
deepseek-moe-16b-base,23,down_proj,shared_plus_delta,64,2048,1408,2883584,2883584,True,1.088,64,64,64,64,64,64
deepseek-moe-16b-base,23,down_proj,grouped_g2,64,2048,1408,2883584,2883584,True,1.088,64,64,64,64,64,64
deepseek-moe-16b-base,23,down_proj,grouped_g4,64,2048,1408,2883584,2883584,True,1.088,64,64,64,64,64,64
deepseek-moe-16b-base,23,down_proj,grouped_g8,64,2048,1408,2883584,2883584,True,1.088,64,64,64,64,64,64
deepseek-moe-16b-base,23,gate_proj,global,64,1408,2048,2883584,2883584,True,1.082,64,64,64,64,64,64
deepseek-moe-16b-base,23,gate_proj,shared_plus_delta,64,1408,2048,2883584,2883584,True,1.082,64,64,64,64,64,64
deepseek-moe-16b-base,23,gate_proj,grouped_g2,64,1408,2048,2883584,2883584,True,1.082,64,64,64,64,64,64
deepseek-moe-16b-base,23,gate_proj,grouped_g4,64,1408,2048,2883584,2883584,True,1.082,64,64,64,64,64,64
deepseek-moe-16b-base,23,gate_proj,grouped_g8,64,1408,2048,2883584,2883584,True,1.082,64,64,64,64,64,64
deepseek-moe-16b-base,23,up_proj,global,64,1408,2048,2883584,2883584,True,1.088,64,64,64,64,64,64
deepseek-moe-16b-base,23,up_proj,shared_plus_delta,64,1408,2048,2883584,2883584,True,1.088,64,64,64,64,64,64
deepseek-moe-16b-base,23,up_proj,grouped_g2,64,1408,2048,2883584,2883584,True,1.088,64,64,64,64,64,64
deepseek-moe-16b-base,23,up_proj,grouped_g4,64,1408,2048,2883584,2883584,True,1.088,64,64,64,64,64,64
deepseek-moe-16b-base,23,up_proj,grouped_g8,64,1408,2048,2883584,2883584,True,1.088,64,64,64,64,64,64
deepseek-moe-16b-base,24,down_proj,global,64,2048,1408,2883584,2883584,True,1.099,64,64,64,64,64,64
deepseek-moe-16b-base,24,down_proj,shared_plus_delta,64,2048,1408,2883584,2883584,True,1.099,64,64,64,64,64,64
deepseek-moe-16b-base,24,down_proj,grouped_g2,64,2048,1408,2883584,2883584,True,1.099,64,64,64,64,64,64
deepseek-moe-16b-base,24,down_proj,grouped_g4,64,2048,1408,2883584,2883584,True,1.099,64,64,64,64,64,64
deepseek-moe-16b-base,24,down_proj,grouped_g8,64,2048,1408,2883584,2883584,True,1.099,64,64,64,64,64,64
deepseek-moe-16b-base,24,gate_proj,global,64,1408,2048,2883584,2883584,True,1.081,64,64,64,64,64,64
deepseek-moe-16b-base,24,gate_proj,shared_plus_delta,64,1408,2048,2883584,2883584,True,1.081,64,64,64,64,64,64
deepseek-moe-16b-base,24,gate_proj,grouped_g2,64,1408,2048,2883584,2883584,True,1.081,64,64,64,64,64,64
deepseek-moe-16b-base,24,gate_proj,grouped_g4,64,1408,2048,2883584,2883584,True,1.081,64,64,64,64,64,64
deepseek-moe-16b-base,24,gate_proj,grouped_g8,64,1408,2048,2883584,2883584,True,1.081,64,64,64,64,64,64
deepseek-moe-16b-base,24,up_proj,global,64,1408,2048,2883584,2883584,True,1.082,64,64,64,64,64,64
deepseek-moe-16b-base,24,up_proj,shared_plus_delta,64,1408,2048,2883584,2883584,True,1.082,64,64,64,64,64,64
deepseek-moe-16b-base,24,up_proj,grouped_g2,64,1408,2048,2883584,2883584,True,1.082,64,64,64,64,64,64
deepseek-moe-16b-base,24,up_proj,grouped_g4,64,1408,2048,2883584,2883584,True,1.082,64,64,64,64,64,64
deepseek-moe-16b-base,24,up_proj,grouped_g8,64,1408,2048,2883584,2883584,True,1.082,64,64,64,64,64,64
deepseek-moe-16b-base,25,down_proj,global,64,2048,1408,2883584,2883584,True,1.081,64,64,64,64,64,64
deepseek-moe-16b-base,25,down_proj,shared_plus_delta,64,2048,1408,2883584,2883584,True,1.081,64,64,64,64,64,64
deepseek-moe-16b-base,25,down_proj,grouped_g2,64,2048,1408,2883584,2883584,True,1.081,64,64,64,64,64,64
deepseek-moe-16b-base,25,down_proj,grouped_g4,64,2048,1408,2883584,2883584,True,1.081,64,64,64,64,64,64
deepseek-moe-16b-base,25,down_proj,grouped_g8,64,2048,1408,2883584,2883584,True,1.081,64,64,64,64,64,64
deepseek-moe-16b-base,25,gate_proj,global,64,1408,2048,2883584,2883584,True,1.083,64,64,64,64,64,64
deepseek-moe-16b-base,25,gate_proj,shared_plus_delta,64,1408,2048,2883584,2883584,True,1.083,64,64,64,64,64,64
deepseek-moe-16b-base,25,gate_proj,grouped_g2,64,1408,2048,2883584,2883584,True,1.083,64,64,64,64,64,64
deepseek-moe-16b-base,25,gate_proj,grouped_g4,64,1408,2048,2883584,2883584,True,1.083,64,64,64,64,64,64
deepseek-moe-16b-base,25,gate_proj,grouped_g8,64,1408,2048,2883584,2883584,True,1.083,64,64,64,64,64,64
deepseek-moe-16b-base,25,up_proj,global,64,1408,2048,2883584,2883584,True,1.078,64,64,64,64,64,64
deepseek-moe-16b-base,25,up_proj,shared_plus_delta,64,1408,2048,2883584,2883584,True,1.078,64,64,64,64,64,64
deepseek-moe-16b-base,25,up_proj,grouped_g2,64,1408,2048,2883584,2883584,True,1.078,64,64,64,64,64,64
deepseek-moe-16b-base,25,up_proj,grouped_g4,64,1408,2048,2883584,2883584,True,1.078,64,64,64,64,64,64
deepseek-moe-16b-base,25,up_proj,grouped_g8,64,1408,2048,2883584,2883584,True,1.078,64,64,64,64,64,64
deepseek-moe-16b-base,26,down_proj,global,64,2048,1408,2883584,2883584,True,1.087,64,64,64,64,64,64
deepseek-moe-16b-base,26,down_proj,shared_plus_delta,64,2048,1408,2883584,2883584,True,1.087,64,64,64,64,64,64
deepseek-moe-16b-base,26,down_proj,grouped_g2,64,2048,1408,2883584,2883584,True,1.087,64,64,64,64,64,64
deepseek-moe-16b-base,26,down_proj,grouped_g4,64,2048,1408,2883584,2883584,True,1.087,64,64,64,64,64,64
deepseek-moe-16b-base,26,down_proj,grouped_g8,64,2048,1408,2883584,2883584,True,1.087,64,64,64,64,64,64
deepseek-moe-16b-base,26,gate_proj,global,64,1408,2048,2883584,2883584,True,1.084,64,64,64,64,64,64
deepseek-moe-16b-base,26,gate_proj,shared_plus_delta,64,1408,2048,2883584,2883584,True,1.084,64,64,64,64,64,64
deepseek-moe-16b-base,26,gate_proj,grouped_g2,64,1408,2048,2883584,2883584,True,1.084,64,64,64,64,64,64
deepseek-moe-16b-base,26,gate_proj,grouped_g4,64,1408,2048,2883584,2883584,True,1.084,64,64,64,64,64,64
deepseek-moe-16b-base,26,gate_proj,grouped_g8,64,1408,2048,2883584,2883584,True,1.084,64,64,64,64,64,64
deepseek-moe-16b-base,26,up_proj,global,64,1408,2048,2883584,2883584,True,1.088,64,64,64,64,64,64
deepseek-moe-16b-base,26,up_proj,shared_plus_delta,64,1408,2048,2883584,2883584,True,1.088,64,64,64,64,64,64
deepseek-moe-16b-base,26,up_proj,grouped_g2,64,1408,2048,2883584,2883584,True,1.088,64,64,64,64,64,64
deepseek-moe-16b-base,26,up_proj,grouped_g4,64,1408,2048,2883584,2883584,True,1.088,64,64,64,64,64,64
deepseek-moe-16b-base,26,up_proj,grouped_g8,64,1408,2048,2883584,2883584,True,1.088,64,64,64,64,64,64
deepseek-moe-16b-base,27,down_proj,global,64,2048,1408,2883584,2883584,True,1.120,64,64,64,63,64,64
deepseek-moe-16b-base,27,down_proj,shared_plus_delta,64,2048,1408,2883584,2883584,True,1.120,64,64,64,64,64,64
deepseek-moe-16b-base,27,down_proj,grouped_g2,64,2048,1408,2883584,2883584,True,1.120,64,64,64,63,64,64
deepseek-moe-16b-base,27,down_proj,grouped_g4,64,2048,1408,2883584,2883584,True,1.120,64,64,64,63,64,64
deepseek-moe-16b-base,27,down_proj,grouped_g8,64,2048,1408,2883584,2883584,True,1.120,64,64,64,63,64,64
deepseek-moe-16b-base,27,gate_proj,global,64,1408,2048,2883584,2883584,True,1.087,64,64,64,64,64,64
deepseek-moe-16b-base,27,gate_proj,shared_plus_delta,64,1408,2048,2883584,2883584,True,1.087,64,64,64,64,64,64
deepseek-moe-16b-base,27,gate_proj,grouped_g2,64,1408,2048,2883584,2883584,True,1.087,64,64,64,64,64,64
deepseek-moe-16b-base,27,gate_proj,grouped_g4,64,1408,2048,2883584,2883584,True,1.087,64,64,64,64,64,64
deepseek-moe-16b-base,27,gate_proj,grouped_g8,64,1408,2048,2883584,2883584,True,1.087,64,64,64,64,64,64
deepseek-moe-16b-base,27,up_proj,global,64,1408,2048,2883584,2883584,True,1.084,64,64,64,64,64,64
deepseek-moe-16b-base,27,up_proj,shared_plus_delta,64,1408,2048,2883584,2883584,True,1.084,64,64,64,64,64,64
deepseek-moe-16b-base,27,up_proj,grouped_g2,64,1408,2048,2883584,2883584,True,1.084,64,64,64,64,64,64
deepseek-moe-16b-base,27,up_proj,grouped_g4,64,1408,2048,2883584,2883584,True,1.084,64,64,64,64,64,64
deepseek-moe-16b-base,27,up_proj,grouped_g8,64,1408,2048,2883584,2883584,True,1.084,64,64,64,64,64,64
